id,nome,cpf,email,telefone,data_nascimento,cidade,estado,data_cadastro,excluido_lgpd
1,João Guilherme da Cruz,321.564.087-26,alvesfrancisco@example.org,+55 92 98908-3863,1989-03-14,Pastor de da Mota,SE,2023-02-27,0
2,Otávio Fernandes,423.680.917-69,catarina94@example.org,82 98161-8495,2004-11-03,Santos,AP,2022-09-18,0
3,João Vitor Barros,316.297.854-82,vitorsampaio@example.net,+55 35 99283-2764,1948-10-20,Rodrigues,MT,2025-07-01,0
4,Ian Andrade,564.017.289-49,dramos@example.org,11 92388-4969,2003-01-16,Fonseca de Goiás,BA,2025-12-14,0
5,Benicio Camargo,296.403.781-78,antonio18@example.com,38 91462-7048,1980-05-11,Montenegro,AM,2024-10-13,0
6,Thiago Pereira,325.614.087-44,halmeida@example.com,24 93039-1171,2004-12-03,Cardoso,RO,2025-05-06,0
7,João Moura,963.451.287-91,cmoreira@example.org,+55 96 93150-9839,1978-01-11,Abreu,AP,2025-01-09,0
8,Ian Azevedo,051.472.396-34,yda-cruz@example.com,64 93116-5667,1993-11-08,Rocha,RS,2025-05-15,0
9,Nathan Siqueira,513.864.709-10,agathamartins@example.org,+55 37 97810-8013,1989-08-28,Jesus,PR,2023-02-07,0
10,Ana Liz Cavalcante,609.237.541-99,mateusda-rocha@example.org,+55 31 99805-0097,1978-06-11,Araújo,PE,2023-08-06,0
11,Bernardo Peixoto,136.049.728-50,lribeiro@example.net,99 95435-3462,1951-02-20,Marques Alegre,SP,2026-04-22,0
12,Beatriz Barbosa,834.120.695-15,lunanogueira@example.net,22 99808-4124,1950-08-16,Caldeira,SC,2022-09-22,0
13,João Miguel Pereira,359.862.710-68,portolavinia@example.com,+55 24 90524-2786,1983-05-02,Camargo,AP,2023-05-07,0
14,Yago Andrade,582.310.794-32,otto31@example.com,64 99232-2602,2005-10-12,Viana das Pedras,SE,2025-08-16,0
15,Srta. Juliana Castro,160.839.452-24,rafael30@example.net,+55 81 96541-4586,1991-04-10,Alves do Campo,GO,2026-05-12,0
16,Arthur Miguel Caldeira,965.723.014-43,caio60@example.net,+55 82 95615-9514,1957-11-02,Rios das Pedras,MT,2025-02-25,0
17,Yuri Cardoso,368.571.240-35,allana36@example.net,32 97773-8721,1973-01-25,Moraes Alegre,AP,2025-08-26,0
18,Leonardo Câmara,320.719.658-68,hadassamonteiro@example.com,+55 95 92016-3287,2001-05-19,Novais,ES,2025-11-17,0
19,Rafael Carvalho,785.634.921-28,maria-lauramachado@example.com,+55 96 94873-4714,2008-02-13,da Mata,MT,2026-04-17,0
20,Anna Liz Carvalho,236.517.049-80,vitoria76@example.org,+55 84 96690-9670,1967-06-11,da Rosa das Flores,TO,2026-06-26,0
21,Dra. Ísis Pereira,379.285.016-86,ksilveira@example.com,+55 54 99806-9901,1974-03-14,Carvalho dos Dourados,CE,2024-12-22,0
22,Lunna Cunha,758.632.910-95,valmeida@example.net,+55 28 95310-0330,1949-02-08,da Costa,BA,2023-10-17,0
23,Henrique Martins,452.960.138-24,das-nevesfernanda@example.com,+55 82 91931-4919,1977-11-29,Ferreira,PI,2025-07-13,0
24,Sr. Thiago Ramos,506.738.912-59,luaracavalcanti@example.net,99 94987-7694,1974-11-02,da Cruz de Minas,GO,2025-07-01,0
25,Ravi Nunes,965.032.178-03,valentim54@example.net,14 98083-1367,2005-09-06,Sales,PR,2024-08-08,0
26,Melissa Vieira,014.836.257-53,hnovaes@example.com,68 98557-4443,1989-08-22,Silveira,DF,2025-09-17,0
27,Dra. Ester Correia,374.586.209-00,rafael52@example.com,+55 14 98240-0842,1967-02-27,Caldeira de Albuquerque,RJ,2023-03-12,0
28,Maysa Fernandes,204.638.719-87,oliveiracaue@example.org,+55 65 99413-1869,1965-01-13,Vasconcelos,PE,2024-09-06,0
29,Letícia Pastor,640.857.129-85,enrico23@example.org,+55 37 92067-9740,1971-07-28,da Paz,RR,2024-08-07,0
30,Ana Sophia Rodrigues,349.708.125-60,joao-miguel10@example.org,24 99947-1746,1964-12-04,Montenegro da Prata,PR,2025-09-04,0
31,Ana Cecília Lopes,540.718.629-20,teixeiraluiz-fernando@example.com,98 97429-6717,1975-06-23,Jesus Alegre,MT,2023-01-10,0
32,Lucas Jesus,746.980.351-39,ayla16@example.net,+55 11 98760-3859,1991-04-16,Pires de Macedo,SP,2023-02-17,0
33,Yan Cardoso,478.069.125-76,arthur86@example.org,+55 89 91712-7484,1949-03-13,Mendes do Amparo,ES,2023-07-21,0
34,Matheus Correia,982.607.314-87,da-pazana-cecilia@example.net,91 92787-5588,1976-10-08,Marques Alegre,DF,2025-01-11,0
35,Maria Isis da Conceição,605.739.428-38,iandrade@example.net,34 91718-7026,1993-02-24,Barbosa,PR,2023-09-13,0
36,Dr. Bruno Farias,865.793.024-29,aliciada-conceicao@example.net,+55 43 96117-2400,1998-11-13,Vieira do Norte,MA,2023-10-24,0
37,Clara da Cruz,862.190.374-13,jpacheco@example.org,83 94740-7482,1970-01-29,Macedo,MS,2024-04-12,0
38,Mariana Sales,479.135.086-39,ana-carolina40@example.net,61 94090-9743,1985-09-02,Câmara do Oeste,RN,2023-12-16,0
39,Dra. Cecilia Pires,104.638.257-80,da-rochabeatriz@example.net,66 92328-5884,1962-09-28,da Cunha,TO,2025-07-26,0
40,Lucca Camargo,712.683.905-77,da-luzstella@example.org,81 95496-5137,1978-06-23,Pinto,PI,2026-02-11,0
41,Hellena Ramos,174.530.982-97,marina11@example.org,+55 61 96758-6926,1968-01-03,Mendonça,RN,2026-07-30,0
42,Arthur Gabriel Sales,537.812.049-79,davi64@example.org,+55 53 97139-0053,1973-06-16,Viana,RJ,2026-09-05,0
43,Giovanna Pastor,395.614.078-84,valentinada-cunha@example.org,+55 48 90205-3950,1959-08-26,da Luz,AL,2022-12-23,0
44,Valentina Camargo,178.624.093-96,siqueiraraquel@example.com,82 90076-6177,1954-04-24,Barros,MT,2025-11-03,0
45,Davi Lucas da Mota,985.347.216-37,vieiraian@example.net,+55 87 96736-5766,1987-01-30,Dias,PA,2023-04-26,0
46,Marcelo Cassiano,718.605.349-10,dantepastor@example.net,34 91656-0494,1966-12-14,Caldeira Verde,PE,2025-07-07,0
47,Rafaela Câmara,158.024.936-15,benjamin24@example.net,27 95502-2961,1960-02-29,Sousa,RS,2023-05-06,0
48,Dra. Helena Garcia,675.128.430-62,cassianolevi@example.net,+55 27 91476-7976,1947-10-09,Cunha do Galho,AM,2023-01-28,0
49,João Miguel Rocha,974.013.682-69,otavio24@example.com,33 91076-2268,1969-03-05,Montenegro,PI,2024-07-06,0
50,Sr. Miguel Sousa,069.372.841-87,hda-rocha@example.com,+55 16 95297-5161,2002-05-25,Lopes,RJ,2025-07-11,0
51,Miguel das Neves,539.610.428-70,clara23@example.org,+55 64 94329-2127,1972-12-08,Sá de Nunes,SP,2024-11-29,0
52,Luna Pires,527.039.816-86,natalia14@example.com,79 90054-1199,1985-02-12,Martins Verde,PI,2024-08-05,0
53,Rael Oliveira,357.410.968-75,montenegroluiz-felipe@example.org,+55 96 97788-9255,1999-07-27,Gomes das Pedras,SP,2025-10-29,0
54,Ana Júlia Vieira,519.043.286-60,enrico92@example.com,27 96291-4865,1968-09-17,Rios,RR,2025-07-28,0
55,Valentina Borges,685.027.193-86,ocorreia@example.org,+55 66 91418-8805,2002-02-04,Peixoto,MG,2025-10-29,0
56,Enzo Silveira,706.251.394-61,ida-conceicao@example.org,27 97359-7746,1956-03-07,Castro do Oeste,SE,2023-05-18,0
57,Benjamim Ramos,751.840.263-71,manuella82@example.com,+55 43 93750-6068,1986-10-31,da Costa das Flores,AP,2023-04-10,0
58,Liam Brito,528.073.194-32,apimenta@example.org,+55 15 94328-9861,1971-03-14,da Costa da Mata,AM,2023-08-22,0
59,Natália Azevedo,170.546.928-02,liz09@example.com,+55 94 99621-8518,1948-12-07,Gomes,PR,2023-09-13,0
60,Maria Fernanda da Cunha,051.279.643-25,zoe52@example.net,83 97221-7043,1948-08-25,Vieira,DF,2025-05-22,0
61,Dr. Théo Gonçalves,874.051.296-76,yago15@example.com,62 97652-7758,2005-12-18,Barros das Pedras,AP,2022-11-12,0
62,Yago da Rocha,518.296.473-00,liviaferreira@example.com,+55 22 95964-0165,1974-12-27,Alves,BA,2025-03-31,0
63,Maysa Andrade,213.659.480-05,manuellafreitas@example.com,75 91928-5654,2003-06-09,Camargo,AC,2025-04-08,0
64,Stella Gomes,814.623.957-91,hcosta@example.org,+55 35 97271-5518,1995-10-01,da Rosa da Serra,RR,2023-06-24,0
65,Dra. Emanuella Vieira,583.019.476-75,emilly78@example.org,+55 42 91467-8669,1993-12-21,Cardoso,MT,2026-08-18,0
66,Nina Rodrigues,852.649.103-24,camposrafaela@example.org,22 92253-5841,1989-05-25,Costa da Prata,GO,2023-01-01,0
67,Vitor Borges,829.154.730-05,barroscaleb@example.net,11 93969-0784,1954-03-16,Mendes de Goiás,SE,2025-05-05,0
68,Letícia Marques,102.365.489-05,ana-sophiasilva@example.com,41 96258-8153,2000-08-16,Campos de da Mata,PB,2025-08-07,0
69,Benicio da Rocha,693.812.407-87,dmoraes@example.com,24 97016-8733,1962-07-23,Aragão do Norte,MA,2023-04-14,0
70,Olivia da Paz,801.372.456-53,guerracaua@example.net,+55 81 95841-6878,1979-05-13,Pinto do Campo,BA,2025-03-24,0
71,Dr. Luiz Otávio Sá,236.405.781-71,dmoreira@example.org,97 92595-2694,1952-04-07,Montenegro do Galho,PI,2024-05-11,0
72,Letícia Melo,058.793.246-56,pda-luz@example.net,+55 91 90972-8962,1979-01-08,Andrade,RJ,2025-09-12,0
73,Antony Macedo,562.391.874-37,santosjoao-guilherme@example.net,+55 85 98578-6527,1993-05-10,Nogueira da Praia,RO,2023-02-25,0
74,Dra. Julia Pimenta,738.246.195-55,marianadias@example.com,42 98441-9866,1998-03-21,Vargas Grande,MA,2026-05-17,0
75,Srta. Manuella Macedo,473.192.508-88,ryanaragao@example.net,+55 89 93016-5712,1948-07-19,Novaes,CE,2023-11-28,0
76,Pietra Rezende,345.270.869-10,cavalcantilara@example.org,+55 21 96724-0049,1973-05-17,Farias,MA,2025-06-18,0
77,Valentina Monteiro,287.910.645-11,marcelo05@example.com,+55 81 92966-8516,1976-08-08,Cirino,BA,2025-05-31,0
78,André da Luz,637.925.480-38,eloah30@example.net,+55 51 97426-8414,1978-03-06,Pimenta de Goiás,ES,2024-01-23,0
79,Rafael Souza,956.843.102-06,tmoura@example.com,+55 37 99108-8398,1954-10-10,Cavalcante,MT,2024-09-19,0
80,Bruna Rodrigues,371.490.568-57,dnunes@example.net,83 94064-0391,2003-11-01,Lima,MS,2024-11-24,0
81,Ana Liz Azevedo,704.315.692-07,ygarcia@example.org,+55 61 95128-6823,1993-05-07,Sá,AC,2022-12-16,0
82,Ísis Lima,863.172.950-77,andradelarissa@example.net,+55 15 93311-9079,1965-12-27,da Cruz,SC,2024-08-27,0
83,Isabel Nogueira,302.471.596-70,ana-juliacasa-grande@example.net,99 93644-0892,1948-09-11,Novais do Amparo,AL,2024-05-24,0
84,Maria Helena Viana,856.312.709-86,raelda-rosa@example.net,+55 63 97086-6882,1969-02-14,da Cruz Paulista,DF,2025-06-03,0
85,Rael Freitas,183.027.645-07,maria-luizacostela@example.com,22 90331-7393,1968-02-28,da Costa da Prata,MT,2025-06-08,0
86,Nina Nascimento,548.273.901-50,nicolas55@example.com,+55 24 99320-4899,1998-06-17,da Rocha Grande,DF,2023-11-21,0
87,Isabelly Monteiro,854.639.701-57,joao-lucassilveira@example.net,91 92808-0100,1968-02-18,Carvalho de Goiás,AP,2023-08-31,0
88,Henrique Montenegro,750.486.321-17,abreusophia@example.net,65 90084-8408,1993-10-22,Cavalcanti do Campo,AM,2023-04-30,0
89,Gael Pinto,845.230.617-26,raelda-rosa@example.net,+55 38 90166-6870,1981-05-15,Sampaio,CE,2023-04-27,0
90,Luísa Nunes,180.964.357-01,rodriguesalana@example.net,+55 19 92503-9261,1951-04-25,Castro Verde,ES,2024-10-23,0
91,Ágatha Farias,621.458.037-26,domfernandes@example.net,61 95047-7358,1984-04-01,Lopes da Serra,RO,2026-03-27,0
92,Antonella Vargas,943.506.281-42,heloisadias@example.com,+55 47 91047-5412,1985-07-22,Cirino,PA,2025-06-30,0
93,Sophie Jesus,109.248.675-58,julia61@example.net,+55 95 99826-2244,1976-03-25,Monteiro Grande,AP,2025-01-20,0
94,Otto da Rosa,715.283.940-97,ana-juliaabreu@example.com,35 99657-5692,1957-01-23,Duarte do Oeste,PR,2024-07-14,0
95,Luiza da Rocha,735.826.904-74,isisalves@example.net,83 93741-6724,1967-01-25,da Cunha,RO,2023-06-10,0
96,Maria Flor Barbosa,796.483.015-57,vargastheo@example.net,43 92909-6561,1956-03-05,Brito,GO,2025-09-23,0
97,Dra. Hellena Machado,567.894.130-57,scaldeira@example.com,+55 41 91254-5738,1960-10-16,Ferreira de Melo,AM,2024-11-09,0
98,Sra. Luiza Azevedo,401.826.759-20,liamfarias@example.net,69 97362-2660,1975-07-03,Machado,RJ,2025-10-03,0
99,Heitor Costela,418.697.250-85,qcamargo@example.net,91 98596-9691,1974-12-01,Fogaça dos Dourados,RN,2024-05-04,0
100,Letícia Pimenta,912.708.653-40,joao-miguel86@example.com,+55 62 99662-7828,1957-06-05,Mendonça,MA,2026-02-23,0
101,Dr. Benjamim Fogaça,072.134.568-90,csantos@example.com,+55 69 91903-4043,1955-03-27,Cavalcante dos Dourados,RJ,2023-06-25,0
102,Sophia Camargo,914.672.058-85,laiscaldeira@example.net,+55 96 94074-5171,1996-03-19,Costela,SE,2025-12-21,0
103,Sra. Mariane Cavalcante,923.610.875-02,aylasantos@example.com,18 99481-2604,1995-11-18,Sampaio,BA,2025-03-09,0
104,Sra. Isadora Teixeira,672.458.319-55,portofrancisco@example.com,97 94577-5901,1962-09-04,Porto de Rios,RR,2023-04-23,0
105,Vitor Gonçalves,369.725.410-34,vviana@example.net,+55 27 90170-1277,1970-01-23,Lima,DF,2026-04-20,0
106,Kevin Castro,415.206.873-62,ravi-lucca61@example.net,+55 44 90371-2938,1992-07-18,Albuquerque de Albuquerque,RR,2026-07-21,0
107,Otávio Sales,271.830.456-17,ana-clara26@example.org,+55 63 91890-9275,1969-01-24,Pires,SC,2026-02-28,0
108,Melina Cunha,192.604.387-13,joao-lucas34@example.net,+55 41 93899-9404,1955-12-27,Moreira,RN,2026-08-07,0
109,Sra. Laís Ramos,037.891.625-40,fonsecaanna-liz@example.org,54 99658-2710,1980-05-11,Albuquerque,GO,2023-06-28,0
110,Miguel Montenegro,486.357.029-56,enzo41@example.net,+55 84 92856-9146,1960-05-14,Araújo,ES,2022-11-08,0
111,Bruna Marques,904.561.832-05,castromaysa@example.com,99 98425-2410,1951-07-21,Lima Paulista,PE,2026-08-14,0
112,Dra. Ana Vitória Monteiro,785.034.196-10,gustavo91@example.org,96 90003-0756,1950-01-12,Cavalcanti,AL,2023-10-21,0
113,Dra. Mariah Câmara,536.927.041-43,montenegrocaua@example.org,+55 89 98061-7445,1983-04-23,Novaes,PB,2026-02-06,0
114,João Vitor Nunes,437.298.160-04,anthony-gabrieljesus@example.org,+55 92 98505-0641,1946-03-25,Moura,ES,2024-04-03,0
115,Diego Silva,410.893.267-69,montenegrojoao-felipe@example.net,55 91990-6234,1974-04-03,Dias das Flores,RR,2024-10-11,0
116,Dr. Rael da Mata,319.840.652-89,umartins@example.com,+55 51 98537-4741,2002-04-18,Castro,SE,2025-10-24,0
117,Dra. Ana Cecília Cunha,521.978.340-88,vicente20@example.com,79 98831-7121,1992-05-15,Araújo,TO,2023-12-24,0
118,Gael Henrique Guerra,514.609.738-01,franciscofarias@example.org,+55 22 97029-6670,1998-10-30,Rodrigues das Pedras,CE,2023-08-19,0
119,João Guilherme da Mota,720.465.183-90,jjesus@example.com,+55 32 91462-6383,1969-10-09,Garcia,SE,2023-08-07,0
120,Ísis Viana,758.321.046-17,vasconcelosalana@example.org,85 98593-2133,1994-03-25,Nascimento do Norte,SP,2024-03-18,0
121,Maria Cavalcanti,235.679.041-16,marcos-viniciusmonteiro@example.net,27 92701-0393,1960-08-13,Moura,PR,2025-02-18,0
122,Gabriela Cardoso,529.061.473-70,freitasisabela@example.net,+55 45 95452-2675,1945-09-24,Santos,PI,2024-02-05,0
123,Maria Alice Câmara,926.857.104-85,kvargas@example.org,+55 75 99593-9172,1992-11-18,Souza de Minas,ES,2026-06-20,0
124,Caio Santos,570.219.846-85,silveiraalexandre@example.org,53 97626-7658,1969-04-15,Brito do Amparo,SE,2024-01-17,0
125,Heloisa Castro,710.296.453-61,luigi62@example.net,+55 37 98159-9706,2004-06-26,Pereira,PA,2025-02-21,0
126,Lucas Costela,364.528.107-07,joliveira@example.com,+55 66 90506-1497,1956-05-17,Brito,AC,2022-11-30,0
127,Lavínia Barros,714.635.928-09,ramosyasmin@example.com,+55 77 95652-7047,1959-10-08,da Luz de Câmara,TO,2023-05-31,0
128,Dom Sá,195.643.820-33,amoreira@example.net,86 99374-1608,1963-12-18,Campos,SP,2025-01-31,0
129,Heitor Correia,206.853.197-68,antonella11@example.com,61 98548-7099,1976-03-29,Camargo das Pedras,BA,2023-06-03,0
130,Beatriz Caldeira,914.672.385-46,moliveira@example.com,+55 21 92462-9960,1955-10-09,Farias de Goiás,AL,2025-02-04,0
131,Marcelo Almeida,548.230.179-60,uvasconcelos@example.com,66 99137-3678,1996-06-07,Araújo do Galho,SE,2024-09-15,0
132,Thiago Guerra,280.165.739-59,xaragao@example.net,+55 82 94578-6103,1956-07-03,Mendonça dos Dourados,CE,2022-12-18,0
133,Marcela Ferreira,241.903.586-06,raelrocha@example.org,12 96800-7229,2004-12-02,Câmara,GO,2024-09-14,0
134,João Guilherme Lima,657.213.948-46,abreunina@example.net,48 98994-4171,1987-01-31,da Mota Alegre,GO,2026-02-09,0
135,Dra. Letícia Correia,283.047.956-47,rezendemaysa@example.com,+55 99 96660-9935,1963-06-16,Rodrigues,PI,2025-06-23,0
136,Maria Alice Montenegro,428.703.169-50,brunarezende@example.org,+55 88 95346-5549,1989-02-14,Martins do Campo,PR,2026-01-09,0
137,Ana Sophia Melo,381.659.270-86,joao-guilhermecosta@example.com,64 99725-2175,1949-05-04,Dias,RS,2026-05-15,0
138,Kamilly Costela,297.601.384-50,elima@example.com,+55 12 90835-0583,1949-08-19,Rocha,AC,2022-09-15,0
139,Henry Gabriel Sales,542.038.769-74,da-rosaamanda@example.com,99 99856-2575,1988-05-01,Cavalcante,SE,2025-10-21,0
140,Henry Gabriel Siqueira,230.461.758-17,qporto@example.net,+55 27 99010-0167,1973-02-19,Campos da Prata,GO,2022-10-07,0
141,Gustavo Sales,046.598.237-92,gcaldeira@example.net,+55 51 94117-3934,1977-12-20,Fogaça,RR,2025-09-02,0
142,Asafe Novaes,739.210.468-31,oliveiramarina@example.org,+55 43 98114-3744,1973-07-27,Aragão de Brito,TO,2023-12-10,0
143,João Vitor Fonseca,561.089.724-67,elisa79@example.com,+55 43 95521-6674,1957-07-29,Sales do Amparo,SE,2026-05-27,0
144,Daniel Cardoso,021.346.597-34,benjamin27@example.com,+55 48 96701-4508,1974-05-21,Rios,MT,2025-06-11,0
145,Dra. Aylla Lopes,375.869.120-68,ramoslevi@example.net,85 97217-5354,1981-01-04,Montenegro,ES,2024-11-28,0
146,Maria Luiza da Costa,178.643.092-40,isaac70@example.org,63 96088-0199,1983-02-23,Moraes da Prata,DF,2025-06-03,0
147,Manuela Fonseca,037.245.861-08,gcamargo@example.net,+55 88 90554-8851,1990-03-26,Cavalcante,PR,2025-07-17,0
148,Dra. Maria Luísa Caldeira,438.071.569-84,sakamilly@example.org,+55 53 97798-2708,1955-03-30,Novaes,PA,2026-03-07,0
149,Sophia Vasconcelos,298.034.751-50,spereira@example.org,14 96547-2269,2002-10-07,Sampaio da Prata,MT,2025-03-04,0
150,Helena Costa,345.716.290-52,maria-luiza99@example.net,66 98460-8106,1994-02-16,Aragão,RO,2025-10-26,0
151,Enrico da Paz,420.581.796-76,pimentapietro@example.net,54 93840-6665,1949-07-15,Albuquerque,SC,2023-07-15,0
152,Melina Câmara,583.691.240-89,cirinoluiz-felipe@example.net,97 91606-4842,1962-10-16,Pacheco,GO,2023-07-20,0
153,Daniela Aparecida,250.684.913-06,vianaanna-liz@example.net,+55 88 92818-2688,1946-01-26,Borges da Praia,ES,2024-02-03,0
154,Luísa Farias,543.689.720-74,rioscecilia@example.com,+55 94 99930-5616,2005-10-19,Nogueira da Mata,AC,2023-08-05,0
155,Dr. Ryan Aparecida,435.907.126-43,costelapaulo@example.net,68 91386-1207,2007-09-14,Andrade de Minas,AP,2024-11-18,0
156,Brayan Oliveira,346.975.810-75,hrocha@example.net,+55 12 99190-1581,1949-05-18,Viana da Mata,RN,2023-06-11,0
157,Maria Helena Gonçalves,072.415.386-17,ana-ceciliarocha@example.net,48 90882-1009,1951-07-29,Nascimento da Prata,AP,2023-11-19,0
158,Dra. Manuella Cunha,682.195.703-77,cauesa@example.net,83 98141-4139,1966-06-03,Farias de Fogaça,BA,2023-07-31,0
159,Carlos Eduardo da Paz,913.275.648-82,emanuelladias@example.com,+55 71 90533-6452,1991-05-15,Mendes dos Dourados,PB,2025-06-22,0
160,Ryan Novaes,129.687.430-31,almeidanatalia@example.net,+55 18 99969-3084,1970-02-05,Rezende de Vasconcelos,BA,2025-12-24,0
161,João Vitor Carvalho,781.324.056-17,oliviacarvalho@example.com,+55 67 92992-7503,1970-07-31,da Conceição de Azevedo,GO,2024-05-09,0
162,Gustavo Moreira,567.309.241-52,yasmin92@example.com,49 95918-4638,1970-10-29,Fogaça da Praia,PR,2023-09-06,0
163,Alana Montenegro,279.104.853-79,levifonseca@example.net,+55 51 93651-7773,1999-08-17,Ramos,TO,2024-09-25,0
164,Augusto Cardoso,928.540.167-85,luiz-miguel86@example.net,+55 15 94137-9772,1973-08-24,Jesus,RN,2022-10-12,0
165,Emilly Pinto,842.567.390-92,gabrielagomes@example.org,+55 47 90388-6291,1955-05-26,Melo,RN,2026-01-24,0
166,Sarah Sá,197.584.026-76,cfreitas@example.net,69 93765-9916,1986-07-03,da Cunha,PR,2022-11-07,0
167,João Miguel Peixoto,864.105.723-44,nrezende@example.net,28 96512-6944,1997-10-20,Nunes da Praia,RN,2023-09-04,0
168,Gabrielly Jesus,897.124.365-19,isabella21@example.net,+55 91 97213-8658,1964-06-09,Castro,MG,2025-07-31,0
169,Diogo Melo,961.027.583-40,nguerra@example.net,99 94902-7703,1988-12-15,Correia do Norte,SE,2022-09-16,0
170,Isabel Pimenta,205.178.643-71,qfogaca@example.com,63 99380-1184,1986-06-26,Ferreira Paulista,ES,2024-11-09,0
171,Maria Luiza Oliveira,042.389.571-05,igor84@example.net,+55 97 97697-3577,1986-12-13,Mendes,AM,2023-07-07,0
172,Hellena Rocha,356.248.071-71,aliciaborges@example.com,38 91827-5539,1963-03-26,Cirino do Oeste,PR,2022-12-21,0
173,Isaque da Luz,398.614.207-03,barrosmarina@example.net,+55 12 98075-9579,1995-11-06,Mendonça da Serra,SP,2023-07-15,0
174,Miguel Câmara,920.435.781-97,xrodrigues@example.org,82 91875-0036,2008-01-08,Duarte,MS,2024-11-10,0
175,Francisco Novaes,439.872.501-60,acostela@example.net,48 95647-2929,1987-05-21,Brito,SC,2026-05-08,0
176,Pedro Garcia,328.901.645-51,mariah44@example.net,+55 27 96120-3471,1964-01-21,Souza de Farias,GO,2026-02-08,0
177,Jade Ferreira,061.254.789-20,daniela58@example.com,77 91694-7225,1970-04-01,Pires Verde,MG,2024-03-20,0
178,Bruno Castro,539.276.481-91,livia59@example.net,79 96220-2341,2003-06-15,Cavalcante,MG,2026-07-18,0
179,Renan Novaes,096.485.237-38,rezendeheloisa@example.com,+55 91 93472-2820,1952-09-11,Ribeiro,MS,2023-02-03,0
180,Dr. Ravi Lucca Nogueira,487.159.623-00,omoura@example.net,27 95783-1745,2004-03-26,da Luz Grande,MA,2026-07-30,0
181,Catarina Ferreira,470.536.281-08,ravi08@example.com,+55 79 96866-3266,1946-05-28,da Luz,AP,2022-09-08,0
182,Valentim Teixeira,948.567.210-11,cirinojoao-gabriel@example.com,+55 48 97974-9735,1974-06-02,Cassiano,AL,2025-05-06,0
183,Cauã da Paz,427.501.638-62,vcunha@example.com,27 97570-5120,1982-02-02,Vasconcelos das Flores,AP,2022-10-12,0
184,Gael da Cunha,601.957.348-66,costamaria-clara@example.net,+55 44 98376-4520,1982-08-26,da Cunha,PR,2024-09-07,0
185,Luiz Miguel Aragão,319.572.068-02,goncalvesryan@example.org,+55 22 99792-5132,1989-02-19,Borges de Rodrigues,RN,2023-12-16,0
186,Ana Liz Araújo,521.736.894-28,msiqueira@example.org,49 95240-7784,1968-09-18,Correia de Nunes,CE,2026-08-24,0
187,Dr. João Guilherme Peixoto,821.473.956-09,xabreu@example.net,95 96209-5935,1982-09-05,Ribeiro,PI,2024-03-01,0
188,Vinicius Rodrigues,782.495.361-00,britorebeca@example.net,+55 34 90220-3173,2001-06-03,Andrade,RJ,2024-05-01,0
189,Rebeca Moura,940.218.736-78,dbarros@example.net,+55 32 95865-0948,1989-05-10,Siqueira,AP,2026-03-30,0
190,Henrique Moreira,193.478.620-96,kamillysouza@example.org,44 97612-2868,2002-06-21,Ribeiro da Serra,PI,2023-12-24,0
191,Dr. Yan Duarte,568.792.140-02,jvargas@example.net,+55 98 95776-0049,1986-07-05,Moreira,BA,2024-07-27,0
192,Kaique Câmara,350.682.174-17,jfogaca@example.org,11 95933-4419,2006-04-10,Nunes do Oeste,SC,2023-12-20,0
193,Dr. Erick Mendonça,914.057.362-16,cecilia66@example.org,+55 91 99060-4805,1950-12-09,Duarte,PE,2025-10-06,0
194,Benicio Rocha,671.832.504-07,enzo79@example.net,+55 27 98641-6862,1993-03-03,Mendes,PI,2023-08-16,0
195,Fernanda Novais,983.102.765-59,riosjulia@example.com,46 95355-9042,1959-03-03,Pimenta dos Dourados,RN,2024-10-04,0
196,Igor Costa,521.096.784-02,arthur51@example.com,79 97053-8338,1955-08-11,Novaes do Amparo,RN,2024-07-23,0
197,Dra. Allana Garcia,980.217.645-11,martinsantony@example.org,54 94510-4636,1995-05-11,Dias,PR,2023-04-15,0
198,Aurora Cirino,387.450.691-66,mariana62@example.org,41 95543-8404,2004-09-01,Alves da Prata,GO,2025-03-23,0
199,Dr. Davi Miguel Borges,683.714.592-46,manuela82@example.org,+55 62 99832-4826,1961-01-13,Rezende,RJ,2023-05-01,0
200,Sr. Vitor Silveira,125.690.873-86,luisa42@example.org,+55 47 92209-9499,2008-02-04,Peixoto,ES,2023-05-11,0
201,Luiz Henrique Barros,729.568.134-55,kcarvalho@example.org,+55 89 90604-6333,1961-05-26,Cavalcanti,PB,2025-08-10,0
202,Lunna Marques,368.704.921-31,vpimenta@example.net,+55 21 98177-0388,2004-09-10,Sousa do Norte,PI,2025-04-23,0
203,Ana Julia Correia,476.283.195-64,salespietra@example.org,83 97181-2982,1972-01-18,Jesus Alegre,PB,2024-11-17,0
204,Gabriela Marques,145.769.032-25,xporto@example.org,53 98926-8602,1947-05-20,Nunes Grande,CE,2023-06-12,0
205,Benjamim Leão,497.251.036-61,pintothiago@example.org,82 97780-9733,2004-10-22,Marques de Jesus,PB,2023-04-20,0
206,Alana da Cruz,843.015.629-15,casa-grandebenicio@example.net,21 95101-6224,1951-02-02,Marques,SC,2025-03-29,0
207,Caleb Vargas,458.306.712-71,joaquimsales@example.com,34 98683-3901,1985-01-31,Mendes,SC,2024-03-20,0
208,Sra. Mariane Pereira,549.187.326-82,ncirino@example.org,18 93010-7139,1992-07-19,Jesus do Norte,MT,2025-04-04,0
209,Hadassa Albuquerque,348.602.791-31,camargobrenda@example.com,61 99902-3557,1969-06-24,Andrade de Ramos,BA,2025-01-25,0
210,Natália Nascimento,576.904.231-16,costelabianca@example.com,+55 33 92405-6829,1978-06-14,Cirino do Campo,SE,2023-05-07,0
211,Sra. Ana Beatriz da Mata,617.823.509-77,henry-gabrielfreitas@example.org,+55 83 91780-7823,1996-10-29,Mendes do Galho,MA,2023-12-30,0
212,Carlos Eduardo Moreira,230.864.751-53,rodrigueserick@example.com,84 90184-0943,1998-06-17,Costa do Oeste,MA,2024-01-29,0
213,Dr. Dante da Mata,294.067.531-70,vitor-hugo24@example.net,+55 95 92149-5870,1964-07-06,Alves,PR,2024-12-12,0
214,Cauê Gomes,016.384.725-80,brenda38@example.org,84 99217-1747,2007-02-26,da Conceição de Câmara,BA,2025-07-23,0
215,Joana Fonseca,625.983.407-10,wcamargo@example.com,83 92459-9281,2004-04-13,Silva do Campo,MT,2026-06-30,0
216,Kevin Nascimento,768.149.532-00,fernandesoliver@example.net,71 96958-3219,1983-07-14,Camargo de Pastor,RN,2025-06-12,0
217,Aylla Macedo,246.087.319-04,borgespedro-henrique@example.org,+55 11 92278-4699,1977-03-09,Costa de Costela,RO,2024-01-26,0
218,Kevin Lopes,510.463.897-93,isis00@example.net,44 91403-6965,2005-05-24,Guerra das Flores,PA,2024-01-12,0
219,Emanuella Melo,236.798.140-03,antoniobarbosa@example.net,+55 15 92762-1267,1982-10-13,Pinto da Serra,PB,2023-08-02,0
220,Milena Gomes,532.840.679-65,juliana89@example.com,+55 19 90975-1971,1980-05-08,Siqueira,SC,2024-06-27,0
221,Ravi Lucca Moreira,189.730.254-14,sophie07@example.com,97 97956-5442,1981-07-04,Sales,RN,2026-05-04,0
222,Dra. Joana Araújo,720.584.916-02,cardosomirella@example.org,15 94294-4401,1996-09-07,Pastor,SC,2023-12-24,0
223,Maria Eduarda Cavalcanti,437.190.258-88,mayasa@example.com,53 93723-9504,1955-12-21,Aragão,CE,2025-06-27,0
224,Liz Melo,836.579.410-10,salbuquerque@example.com,51 95801-8569,1977-04-06,Farias Paulista,GO,2024-05-19,0
225,Matteo Martins,395.761.280-21,azevedoapollo@example.com,+55 45 98175-3443,2000-04-13,Alves,RN,2023-02-07,0
226,Helena Peixoto,198.647.320-13,sampaioleo@example.com,19 97174-6542,1951-12-11,da Mota,SP,2022-12-05,0
227,Lívia Araújo,492.306.178-22,marianecaldeira@example.org,71 93917-4101,1949-12-06,Oliveira,SC,2024-04-24,0
228,Allana Monteiro,208.539.146-05,aoliveira@example.net,91 97661-8306,1962-09-27,Campos de Nunes,PI,2025-12-28,0
229,Liz Guerra,015.429.386-51,brunogomes@example.net,+55 79 94615-7173,1970-02-09,Andrade,DF,2024-02-07,0
230,Isabella Mendonça,614.379.058-20,fernandesbryan@example.com,+55 51 93878-2931,1947-05-31,Sousa,BA,2025-09-30,0
231,Ravy Pinto,032.916.745-61,davi-lucascaldeira@example.org,93 99931-3656,1978-12-15,Campos Verde,PI,2025-06-19,0
232,Augusto Pastor,251.097.364-99,lunada-cruz@example.net,+55 22 92196-2071,1955-01-12,Abreu,CE,2024-01-20,0
233,Larissa Leão,723.158.960-02,brenopeixoto@example.org,93 99145-6083,1951-10-02,Campos,PE,2025-09-09,0
234,Sr. Ravi Vargas,340.176.985-57,caioaragao@example.net,46 94364-5970,1952-03-13,Sousa,AL,2025-04-26,0
235,Emanuel Viana,071.983.256-02,raul15@example.org,+55 45 93636-3179,2008-08-15,Aragão de Lopes,BA,2024-12-20,0
236,Mirella Cavalcanti,652.381.740-71,jose-miguel09@example.org,15 92177-6253,1960-05-24,Pereira da Serra,SE,2026-08-19,0
237,Eloá Oliveira,831.946.725-09,ada-mota@example.net,69 93356-9392,1999-10-04,Leão,AL,2025-05-26,0
238,Dra. Ana Beatriz Lima,867.950.314-20,novaisapollo@example.net,64 93254-3107,1948-05-30,Castro dos Dourados,RJ,2024-09-08,0
239,Rafael Martins,269.873.054-47,vsales@example.net,+55 19 94649-8931,1996-07-15,Sousa do Norte,PE,2025-03-02,0
240,Sr. Daniel Gomes,570.261.893-95,brunada-costa@example.net,+55 49 97933-5548,2007-08-12,da Mota do Norte,AP,2025-07-22,0
241,Raquel Montenegro,817.546.293-00,correiamaria-cecilia@example.org,+55 38 96241-1241,1971-01-21,Monteiro,BA,2024-02-26,0
242,Alícia da Rocha,682.379.450-00,marcos-vinicius10@example.org,99 95695-5798,2005-03-25,Marques de da Rosa,RJ,2023-07-22,0
243,Enzo Gabriel Vieira,437.260.185-90,ncavalcante@example.org,17 92222-3105,1954-08-31,Macedo,GO,2026-07-04,0
244,Arthur Gabriel Rios,592.734.168-37,alvesjade@example.com,+55 64 97520-8854,1970-11-04,da Rocha de Sá,RJ,2023-06-21,0
245,Melina Fernandes,170.954.863-01,opinto@example.com,44 91509-3983,1991-01-25,Costa do Sul,AP,2023-04-24,0
246,Aurora Moraes,637.245.091-70,tcasa-grande@example.com,47 96504-5547,1982-04-29,Cunha,SC,2026-04-19,0
247,Sra. Melina da Paz,268.145.039-05,maria-laura85@example.org,49 91064-6287,2006-02-06,Costa,CE,2024-07-29,0
248,Yuri Mendonça,048.376.192-31,viniciusda-rosa@example.net,85 91462-7301,2002-04-28,Monteiro de Minas,RN,2024-04-23,0
249,Rafaela Nunes,647.502.913-07,casa-grandeantonella@example.com,+55 61 95204-5650,1996-06-03,da Rocha do Galho,RS,2024-03-22,0
250,Fernando Teixeira,125.687.439-64,nascimentoclarice@example.org,+55 14 92845-7652,1950-11-30,Cunha,BA,2024-11-14,0
251,Vinicius Nascimento,816.305.947-84,ana-livia52@example.com,99 95240-1322,1979-12-10,das Neves,BA,2023-08-17,0
252,Otávio Sales,190.635.742-07,vieiraolivia@example.net,+55 32 97140-1401,1959-12-19,Pereira,DF,2023-03-29,0
253,Francisco Rios,501.792.468-01,mirellanunes@example.org,+55 45 99083-3428,1985-09-02,Silveira,AM,2026-07-08,0
254,Olívia Fonseca,927.501.843-04,oliviada-conceicao@example.com,+55 48 95171-8275,2008-07-30,Novais do Norte,AP,2023-08-06,0
255,Matheus da Paz,749.183.260-13,meloemilly@example.org,+55 14 97167-8112,1968-01-06,Guerra Verde,AM,2024-10-13,0
256,Benício Fonseca,359.470.182-41,yago65@example.com,63 97842-7114,1996-02-21,Monteiro de da Conceição,RS,2026-08-15,0
257,Benjamim Azevedo,702.349.168-69,ribeiroraquel@example.com,84 93477-8485,1954-11-05,Teixeira,AL,2022-10-24,0
258,Matheus Machado,567.309.128-12,marianelopes@example.org,27 96719-7889,1974-12-22,Melo de Novais,CE,2026-06-06,0
259,Julia Monteiro,965.827.034-47,emanuellyferreira@example.net,+55 17 95616-5565,1980-03-01,Ribeiro,ES,2022-12-03,0
260,Luana Pastor,194.028.657-30,marqueslavinia@example.net,97 96407-9056,1962-07-15,Duarte Verde,AM,2023-09-07,0
261,Gustavo Fernandes,785.142.960-94,yporto@example.org,+55 86 94404-9639,2000-09-10,Silva,RJ,2024-10-05,0
262,Dr. Bernardo Nunes,876.120.539-77,iribeiro@example.com,+55 83 96649-8782,1952-02-18,Pires,RR,2025-03-15,0
263,Theo Cunha,746.850.132-71,rodrigocassiano@example.net,21 96651-3644,1980-10-24,da Cunha,RO,2026-05-10,0
264,Isabella Camargo,230.198.456-70,cramos@example.org,+55 67 94204-4820,1986-08-07,Viana de Almeida,AL,2023-09-09,0
265,Levi Pereira,416.250.379-61,henry-gabrieloliveira@example.net,94 91898-4713,2004-03-07,Vargas,SE,2026-07-01,0
266,Maria Julia Souza,369.108.472-96,lda-cunha@example.org,91 98515-8673,1967-01-05,Viana Grande,MS,2024-02-01,0
267,Dr. Antônio Ramos,908.561.234-98,eloa18@example.org,75 96064-4134,1978-01-09,Castro,PB,2025-09-23,0
268,Maria Luísa Vieira,041.635.872-17,castrovicente@example.net,+55 33 95698-5700,1988-08-25,Pires,PB,2024-01-13,0
269,Alexandre Guerra,345.807.162-80,uvieira@example.com,87 92429-5431,1999-07-07,Freitas da Serra,MG,2025-05-30,0
270,Heloisa Almeida,083.971.256-12,guerraliz@example.net,+55 99 92152-9108,2005-04-28,Vargas dos Dourados,TO,2024-04-16,0
271,Henry Gabriel Silva,394.258.701-79,pedroda-paz@example.net,+55 79 96262-0443,1991-07-11,da Cruz de Freitas,RJ,2024-10-14,0
272,Antonella Albuquerque,725.931.684-55,diogo18@example.org,+55 28 95375-9900,1992-04-01,Montenegro das Flores,MA,2025-06-09,0
273,Sr. Asafe Pacheco,249.837.506-65,sofia62@example.com,+55 49 95027-4564,1972-07-18,Pimenta Paulista,PE,2025-07-16,0
274,Levi Sousa,729.015.638-21,melovicente@example.org,84 96170-7587,1966-12-26,Monteiro de Camargo,SC,2024-07-15,0
275,Luiz Fernando Borges,342.618.790-69,mouraluiz-miguel@example.com,+55 37 93715-0416,2004-09-04,Pastor do Campo,TO,2023-04-25,0
276,Bruno Marques,794.850.261-02,jose-pedro30@example.net,16 95018-9616,1967-09-14,Cavalcanti de Goiás,SP,2023-05-04,0
277,Antônio Costela,268.951.047-20,zsousa@example.com,+55 55 95158-3776,2004-08-01,da Mata de Nunes,RN,2024-05-19,0
278,Maria Eduarda Pimenta,268.074.915-49,mayamoura@example.net,+55 41 94761-7422,1974-06-23,da Cruz do Galho,PA,2023-01-26,0
279,Yuri Barbosa,081.435.972-88,thomas91@example.net,+55 15 91722-6016,1965-10-17,Dias Verde,SC,2025-02-07,0
280,Milena Pinto,452.160.739-06,bnascimento@example.org,61 91027-7697,1976-08-25,Pinto da Praia,RR,2025-11-27,0
281,Maria Laura da Rosa,128.096.473-13,costelamaria-luisa@example.net,+55 64 93683-1472,1991-07-16,Lima de Almeida,AM,2025-08-15,0
282,Pedro Miguel Mendonça,709.415.236-16,fariasantony@example.org,71 96799-8407,1956-12-27,Mendonça do Galho,RJ,2026-07-10,0
283,Raquel da Conceição,089.342.715-23,fcamargo@example.net,41 97602-4375,1994-12-30,da Conceição de Montenegro,ES,2025-04-14,0
284,Maitê Pereira,724.563.981-73,ncastro@example.org,16 91722-3297,1985-09-04,Vieira,PA,2026-07-21,0
285,Gustavo Henrique Novais,095.261.478-20,fernandeslorena@example.org,+55 91 91837-4550,1979-04-14,Cassiano do Galho,RN,2023-12-23,0
286,Srta. Maysa Marques,198.640.532-05,eloacastro@example.net,18 97871-2552,1991-03-31,Costa,PB,2023-02-16,0
287,Joaquim Melo,542.079.316-43,sofialeao@example.org,+55 62 96667-8507,1973-12-23,Vargas,AC,2025-12-15,0
288,Ana Lívia Barros,596.713.084-57,danilopires@example.net,99 94668-4550,1994-07-09,Moura Grande,RR,2026-02-11,0
289,Gabrielly Nogueira,975.683.140-57,nascimentobruna@example.com,+55 54 98843-1884,1973-03-04,Sá da Serra,AC,2024-08-01,0
290,Joana da Costa,461.502.937-34,aragaojosue@example.com,21 99075-3998,1947-08-02,Ferreira,MA,2026-06-22,0
291,Dra. Cecilia Silva,683.024.175-80,casa-grandelais@example.com,+55 38 91062-7371,1965-01-18,Rocha do Galho,MG,2025-07-10,0
292,Maria Laura da Luz,976.358.402-74,maria-vitoriasilva@example.com,+55 55 98813-7702,1985-09-18,Campos das Pedras,AM,2025-01-23,0
293,Lavínia Aparecida,821.965.473-28,vieirajoao-pedro@example.org,67 90443-2701,1953-11-29,Azevedo do Norte,PA,2024-04-04,0
294,Rael Fernandes,672.914.358-46,ayllaborges@example.net,64 96365-8074,1978-06-06,Cavalcante,RR,2025-02-14,0
295,Luana Novais,189.745.023-05,bmontenegro@example.org,+55 75 90433-9718,1947-05-17,Guerra Verde,AL,2025-02-12,0
296,Luigi Lopes,260.849.317-31,britovitoria@example.org,17 92241-2462,1979-02-17,Pimenta,MT,2026-05-09,0
297,Srta. Letícia Gomes,152.378.604-35,rhavisa@example.net,+55 93 97886-1405,1958-01-13,Novaes de Jesus,AP,2022-10-20,0
298,Isabel Almeida,481.796.235-64,obarros@example.net,+55 84 92582-3868,1978-08-20,Aparecida de Abreu,TO,2022-10-22,0
299,Lavínia Rezende,208.394.561-15,otavio98@example.com,+55 24 92891-4161,1977-04-21,Silveira,PI,2026-03-19,0
300,Giovanna Pimenta,859.723.601-95,otto79@example.com,+55 15 92097-0026,1964-09-13,Teixeira de Gonçalves,PI,2026-06-03,0
301,Ana Vitória Nascimento,071.234.689-96,camposmaria-eduarda@example.com,+55 81 97030-4531,1951-03-17,Silva de Goiás,ES,2026-01-13,0
302,João Lucas Monteiro,930.158.762-95,mathiasribeiro@example.net,+55 73 91921-2493,1979-04-16,Correia do Sul,RR,2024-03-24,0
303,Isis Rodrigues,870.359.216-21,joaquim87@example.com,45 98030-4687,1991-10-22,Abreu das Flores,DF,2024-12-13,0
304,Amanda Sousa,361.785.240-80,alvesmaria-luiza@example.com,+55 17 99543-1735,1968-06-18,Farias,PE,2023-01-13,0
305,Pedro Lucas Teixeira,179.065.384-39,davimacedo@example.org,22 99611-0804,1999-09-22,Guerra do Campo,RN,2023-09-10,0
306,Anthony Marques,679.480.235-00,vmoreira@example.net,+55 81 91109-1939,1996-11-09,Porto,PE,2024-06-07,0
307,Rafaela Silveira,972.160.435-61,pmoraes@example.com,27 99822-7495,1963-02-16,Freitas do Sul,PE,2024-03-13,0
308,Clara Araújo,380.921.457-41,fernandesmarcos-vinicius@example.net,86 97959-9594,1985-08-05,Farias da Serra,AM,2025-06-25,0
309,Thales Câmara,038.741.562-90,zcostela@example.org,+55 12 95015-0812,1976-08-07,Macedo do Oeste,RS,2026-05-30,0
310,Sr. Arthur Costa,342.176.590-16,matteoalmeida@example.org,11 91026-1534,1985-07-17,da Costa de Freitas,SE,2026-07-26,0
311,Vinicius Pinto,618.795.423-82,anna-liz96@example.net,+55 95 90993-8425,1971-01-09,Aragão,RS,2025-06-30,0
312,Thomas Pacheco,731.684.059-57,melina87@example.org,32 95877-7496,1999-10-30,Costela,ES,2023-11-17,0
313,Isabela Gonçalves,346.981.250-06,enzo-gabrielda-rocha@example.com,98 95390-7895,2006-08-01,Machado dos Dourados,PA,2023-07-20,0
314,Luiza da Mata,602.317.859-68,melissa88@example.net,+55 38 94311-1508,1973-07-07,Farias,DF,2024-03-31,0
315,Kevin Souza,432.659.701-16,cecilia66@example.net,+55 14 97826-3337,1991-08-17,Moreira,RJ,2024-02-01,0
316,Nicole Fernandes,153.786.942-64,freitasjoao-lucas@example.net,+55 54 94075-5366,1999-03-04,Teixeira da Prata,MA,2025-01-13,0
317,Arthur Gabriel Carvalho,256.317.098-21,maria-lauracaldeira@example.com,79 94121-8209,1967-11-16,Alves de Cirino,DF,2025-03-07,0
318,Larissa Costela,341.902.567-06,kgoncalves@example.org,+55 55 98671-6323,1950-06-01,Lopes do Amparo,CE,2026-07-24,0
319,Guilherme Montenegro,743.019.658-66,mariane77@example.net,+55 22 91475-4692,1986-10-08,da Cruz da Serra,RN,2025-02-17,0
320,Maria Isis Ribeiro,216.508.439-33,sampaiopedro-henrique@example.com,65 98151-1856,1995-08-01,Cavalcante de da Cunha,DF,2024-07-10,0
321,Amanda Barbosa,765.931.802-03,ian25@example.net,83 97711-8372,1980-02-15,da Mota de Castro,CE,2022-11-16,0
322,Beatriz Cavalcanti,416.805.297-49,luiz-henrique30@example.net,+55 87 97081-6470,2002-09-29,Aragão,SP,2022-10-06,0
323,Josué Freitas,391.086.475-93,camaragael@example.net,+55 69 92068-1558,1971-05-15,Pinto,DF,2025-12-12,0
324,Bárbara da Conceição,315.280.967-03,gomesotavio@example.com,+55 88 91495-0136,1982-07-20,Vargas do Amparo,AM,2024-05-13,0
325,Eloá da Cunha,156.879.204-20,vazevedo@example.org,77 96838-9030,1994-03-05,das Neves,ES,2024-12-18,0
326,Bruno Araújo,257.918.306-02,liviasousa@example.com,+55 61 94508-6403,1995-11-25,Fernandes de Goiás,DF,2024-07-04,0
327,Isadora Rodrigues,365.190.487-39,cauaporto@example.org,+55 84 92129-8338,1982-05-21,Lima,SC,2022-12-01,0
328,Gael Henrique da Cruz,623.894.750-00,maria-luisa15@example.com,49 92776-8962,1977-06-21,Almeida de Teixeira,MG,2024-01-04,0
329,Kaique Peixoto,829.735.614-00,mnovais@example.com,+55 35 95273-2300,1974-10-09,Mendonça das Flores,PA,2026-04-26,0
330,Dr. Samuel das Neves,916.073.854-57,cecilia87@example.net,47 90663-3705,1972-07-17,Sampaio,RO,2025-11-03,0
331,Rafael Rodrigues,243.861.079-40,tgoncalves@example.net,+55 38 98362-6448,1989-08-07,Pastor da Mata,SC,2023-04-25,0
332,Srta. Bianca Porto,952.781.364-64,cavalcantemariane@example.org,+55 44 91686-4622,1973-09-11,Cirino Grande,DF,2025-11-19,0
333,Brenda Machado,932.106.487-78,npires@example.org,+55 69 91416-1415,1978-10-16,Pacheco,ES,2023-06-17,0
334,Beatriz Albuquerque,049.587.632-10,hpereira@example.com,89 97596-5555,1978-03-17,Fonseca,RO,2024-09-30,0
335,Ana Laura Fogaça,510.396.872-02,theo57@example.net,86 98630-5050,1972-10-20,Rocha dos Dourados,ES,2024-04-17,0
336,Anna Liz Ferreira,671.532.840-44,cardosomaysa@example.org,22 98727-1783,1986-12-23,Cunha,CE,2024-09-29,0
337,Srta. Bianca Lopes,025.381.764-17,riosjoao-gabriel@example.net,91 91539-9156,1996-12-11,Rezende da Prata,PA,2025-06-28,0
338,José Pedro Camargo,418.029.756-67,jose-miguel56@example.net,+55 11 94098-3665,2000-09-13,Rocha Grande,PE,2023-09-05,0
339,Hellena Caldeira,607.219.534-25,alicecasa-grande@example.net,+55 19 99548-1497,1990-11-08,Monteiro,MA,2025-03-30,0
340,Lucas Gabriel Cassiano,390.618.457-93,novaesheloisa@example.com,68 97566-1844,1993-08-08,Sampaio,PI,2024-04-15,0
341,Lorenzo Sá,904.351.762-34,joao-vitor33@example.net,+55 82 90591-2662,1972-06-25,Brito,MS,2023-02-06,0
342,Dante Moraes,562.983.107-03,isabellamendonca@example.com,+55 73 96176-4750,1977-12-07,Camargo,AP,2023-06-14,0
343,Sophia Câmara,074.569.132-34,kda-rosa@example.org,+55 45 95182-6068,1953-12-28,Azevedo de Moreira,TO,2024-10-06,0
344,Dra. Camila Sá,312.648.075-62,joaquim02@example.net,+55 84 92184-0118,1985-06-23,Fonseca da Prata,CE,2024-12-23,0
345,Josué da Rosa,084.573.126-26,rebeca59@example.net,96 93103-0324,1974-06-22,Carvalho,RN,2025-06-26,0
346,Maria Alice da Mota,261.495.380-60,fmarques@example.com,68 92831-4359,1983-04-03,Leão,TO,2023-08-09,0
347,Maria Helena Alves,931.204.567-99,fariasfelipe@example.com,35 94234-0163,1956-02-18,Caldeira do Campo,CE,2024-01-12,0
348,Samuel Brito,854.726.039-00,heloisa25@example.net,63 97924-0822,1981-07-06,Garcia,RJ,2025-10-13,0
349,Léo Santos,367.192.548-55,liz83@example.com,+55 42 94651-1131,1995-09-25,Oliveira,AL,2023-10-28,0
350,Yuri Monteiro,062.384.915-15,anthony-gabrielsilva@example.com,41 93890-9728,1951-06-11,Cavalcanti,AP,2025-11-05,0
351,Théo Fogaça,067.312.958-68,da-rochaana-clara@example.com,19 94309-6348,1970-08-31,Martins,RN,2026-04-03,0
352,Luiz Henrique Abreu,975.260.413-70,afogaca@example.org,71 97318-8261,2003-06-01,Abreu de Cassiano,SP,2024-10-05,0
353,Ravy Gonçalves,549.318.207-60,icastro@example.com,73 90531-3402,1990-05-15,Leão Alegre,AL,2023-10-01,0
354,Rhavi Rios,416.397.852-64,hcardoso@example.org,+55 16 92258-0305,1956-08-05,Peixoto do Sul,PA,2025-07-08,0
355,Ryan Barros,632.541.980-42,thales63@example.com,+55 46 98923-9231,1978-05-13,Guerra,AL,2023-12-01,0
356,Paulo Almeida,931.608.427-03,pedro-miguelfernandes@example.com,87 90860-4145,1964-04-27,Ferreira das Pedras,ES,2023-07-03,0
357,Fernando Aparecida,095.123.748-97,qcirino@example.com,46 95411-0825,1967-06-14,Sousa da Praia,SC,2026-06-29,0
358,Maria Fernanda da Costa,436.071.582-07,maitebrito@example.org,38 94738-2023,1998-09-07,Novaes Paulista,SP,2025-03-10,0
359,Manuella Fonseca,716.035.948-84,amandaaparecida@example.net,+55 32 93678-8127,2003-10-06,Novais das Flores,MG,2026-04-14,0
360,Francisco Abreu,230.648.917-31,vitor-gabriel81@example.org,+55 89 90834-0242,1987-01-03,Vieira do Norte,RS,2023-11-03,0
361,Vitor Camargo,058.294.637-92,spimenta@example.com,+55 31 90534-2408,1962-08-19,Silveira,SC,2026-03-10,0
362,Jade Pires,983.671.240-22,ccassiano@example.org,73 95271-7272,1992-07-06,Correia,RJ,2024-04-23,0
363,João Miguel Almeida,428.639.107-87,limasamuel@example.com,63 91820-9166,1979-01-24,Camargo,TO,2025-10-15,0
364,Ana Clara Cardoso,314.857.092-88,enzo-gabriel32@example.com,75 92457-2308,1946-08-10,Pires da Prata,AM,2025-12-06,0
365,Cauã Nogueira,416.807.539-75,wcasa-grande@example.net,17 93617-2131,1947-02-17,Fogaça de Minas,RN,2026-03-12,0
366,Sr. Augusto Pereira,296.487.153-19,ana-juliapinto@example.com,42 91475-4102,1968-05-24,Dias,BA,2023-03-10,0
367,Sra. Ana Lívia Camargo,964.102.853-70,antonella76@example.com,65 99523-6687,1972-04-07,Nascimento de Nascimento,TO,2024-08-01,0
368,Otto Moura,931.720.648-40,hcarvalho@example.org,42 95247-2863,1961-05-06,Câmara,AL,2024-04-27,0
369,Diego Garcia,065.978.413-01,casa-grandeemanuelly@example.org,+55 38 93109-6227,1996-07-08,Souza,PE,2023-04-10,0
370,Maria Sophia Silveira,570.281.963-21,milenacastro@example.org,61 96784-9843,1993-03-22,Castro Paulista,AP,2023-12-17,0
371,Heitor Guerra,903.714.825-50,pdias@example.net,63 96205-6341,1981-03-04,Barbosa,MS,2024-04-16,0
372,Sr. Isaque da Paz,281.074.653-26,benicioda-costa@example.com,+55 41 99909-7005,1986-09-25,das Neves,AC,2025-12-30,0
373,Miguel Montenegro,356.821.047-90,montenegrokaique@example.org,51 97904-2271,1969-12-15,Silva,ES,2025-11-18,0
374,Cecília Vargas,285.319.476-00,silvahellena@example.org,+55 85 99912-9710,2005-11-13,Vargas,MA,2023-08-08,0
375,Theo Brito,752.910.638-40,felipe12@example.net,82 94747-2197,1982-12-02,Fonseca,MA,2026-05-17,0
376,Caroline Macedo,589.203.417-88,sousasamuel@example.net,+55 13 92146-2961,1972-12-20,Gomes,PB,2024-06-04,0
377,Dr. Ravi Lucca Ramos,871.096.354-57,efarias@example.com,38 99737-1470,1991-03-22,Melo,BA,2023-01-31,0
378,Sr. Mateus Araújo,567.108.924-76,thiago21@example.org,+55 34 94614-7683,1989-04-02,Cirino do Norte,AP,2023-08-05,0
379,Manuela Sá,423.875.960-56,sfogaca@example.net,54 90893-1992,2006-08-03,Rios Alegre,AC,2026-07-09,0
380,Clara Monteiro,516.240.398-98,andradepedro-henrique@example.net,+55 79 96829-6353,1955-12-05,Rocha,RJ,2026-07-01,0
381,Sr. Kevin das Neves,817.536.492-00,wmoreira@example.com,+55 49 92765-2892,1946-08-31,Garcia da Mata,RO,2024-04-05,0
382,Larissa Sampaio,918.605.427-94,monteiroyasmin@example.org,75 98904-6337,1992-07-17,Camargo do Oeste,PR,2025-07-30,0
383,Maria Sophia Ramos,605.914.273-70,kamilly30@example.com,+55 19 90025-8955,1954-02-25,Oliveira,PA,2024-03-05,0
384,Evelyn Pimenta,609.153.742-34,luizada-conceicao@example.org,+55 54 98196-4825,1962-02-21,Borges,AP,2025-01-18,0
385,Eduardo Alves,981.430.752-14,rhavirezende@example.org,21 93836-4041,1947-06-07,Pires,AC,2024-07-18,0
386,Daniel Marques,918.725.604-58,nfonseca@example.com,+55 45 97061-7136,1989-02-16,Dias dos Dourados,SE,2025-02-23,0
387,Anthony Cavalcanti,901.263.847-03,correiabento@example.net,+55 16 98823-5130,1956-08-25,Carvalho de Goiás,AP,2023-06-14,0
388,João Felipe da Mota,731.254.698-64,zmoraes@example.org,+55 97 92346-1994,1995-03-18,Vieira,DF,2025-08-17,0
389,Melissa Lima,945.806.317-57,evelyn17@example.org,+55 19 98496-4985,1994-10-27,Alves do Campo,CE,2024-10-04,0
390,Ester Fogaça,319.526.870-12,diasantonio@example.net,34 93795-3816,2000-09-27,Pereira do Oeste,PE,2024-01-22,0
391,Lara Silva,916.532.407-25,monteiromelina@example.org,14 96117-2959,1960-06-26,da Costa Verde,AC,2023-02-14,0
392,Alana Martins,426.095.713-99,melogabriel@example.com,22 94556-1857,1965-01-30,Gonçalves,MA,2022-10-05,0
393,Camila Freitas,910.875.643-01,kcamara@example.org,+55 79 95800-4010,1993-01-29,Barbosa Paulista,MT,2024-08-14,0
394,Júlia Sampaio,297.018.543-14,hrios@example.net,+55 94 99774-5731,1992-07-01,Vargas da Mata,RR,2025-04-16,0
395,Isabelly Ribeiro,318.907.526-30,mgomes@example.com,+55 46 95398-8547,1951-04-27,Montenegro,AM,2024-03-09,0
396,Luiz Otávio Gomes,783.691.042-31,ana-lizoliveira@example.net,+55 46 92711-3072,2007-11-22,Alves do Amparo,RO,2023-03-29,0
397,Dr. Dante Novaes,156.973.428-37,macedoyago@example.com,+55 45 90663-4362,1981-10-24,Moura do Amparo,PE,2024-08-11,0
398,Ana Julia Ramos,319.065.247-34,da-motarael@example.net,63 96613-4732,1975-03-11,Ferreira,RS,2023-02-24,0
399,Laura Siqueira,012.456.378-35,luigidias@example.net,+55 34 92257-2076,1965-04-14,Almeida da Serra,GO,2025-09-08,0
400,Anthony Peixoto,570.316.842-26,rafael88@example.org,+55 64 91145-7758,2005-08-27,Ribeiro do Amparo,GO,2023-01-05,0
