id,cliente_id,data_pedido,valor,forma_pagamento,status
1,230,2025-08-26,1135.93,cartao_credito,enviado
2,358,2025-11-21,825.96,pix,enviado
3,111,2026-05-15,1820.32,pix,processando
4,48,2026-05-15,746.56,pix,entregue
5,310,2025-06-03,531.91,cartao_credito,cancelado
6,236,2025-04-19,1037.28,pix,processando
7,283,2024-12-01,585.21,boleto,entregue
8,186,2024-09-13,1113.77,boleto,processando
9,24,2025-09-29,1269.85,pix,processando
10,120,2026-08-28,1651.56,pix,entregue
11,233,2026-02-21,1222.27,pix,enviado
12,190,2024-12-30,700.7,boleto,entregue
13,360,2025-09-04,1782.08,boleto,processando
14,312,2026-02-17,1220.96,boleto,cancelado
15,126,2025-01-01,343.83,pix,entregue
16,328,2025-10-18,1319.88,cartao_credito,cancelado
17,167,2025-04-20,1607.6,cartao_credito,enviado
18,17,2026-01-04,1537.29,pix,entregue
19,34,2025-11-14,432.33,boleto,cancelado
20,162,2026-02-04,435.39,pix,entregue
21,330,2025-01-11,893.36,pix,enviado
22,127,2025-04-30,1425.58,boleto,entregue
23,383,2025-09-20,1127.23,boleto,entregue
24,186,2025-04-18,447.84,cartao_credito,entregue
25,253,2024-10-27,208.99,cartao_credito,processando
26,79,2026-05-21,1206.95,boleto,entregue
27,306,2025-04-23,158.06,pix,entregue
28,240,2024-09-19,1024.05,boleto,processando
29,349,2025-08-25,1380.44,boleto,entregue
30,385,2024-10-08,536.19,boleto,entregue
31,58,2025-02-22,585.81,cartao_credito,entregue
32,2,2025-04-14,1814.0,boleto,entregue
33,257,2026-06-10,1457.15,boleto,processando
34,321,2025-12-11,595.01,boleto,entregue
35,312,2024-12-11,409.87,pix,enviado
36,277,2024-10-18,1813.41,boleto,processando
37,307,2025-09-21,642.83,cartao_credito,processando
38,186,2025-05-02,1674.32,pix,enviado
39,30,2024-09-10,487.92,boleto,processando
40,44,2025-08-07,1401.25,cartao_credito,entregue
41,393,2025-06-07,273.81,boleto,entregue
42,282,2026-02-01,347.04,boleto,entregue
43,217,2026-06-16,1833.62,boleto,cancelado
44,354,2024-09-07,414.04,pix,entregue
45,344,2024-10-15,1248.67,pix,entregue
46,232,2025-03-21,264.97,cartao_credito,processando
47,174,2024-12-22,79.02,boleto,enviado
48,302,2025-06-06,449.5,cartao_credito,cancelado
49,324,2026-07-21,149.41,cartao_credito,processando
50,170,2025-04-15,171.69,cartao_credito,entregue
51,343,2026-05-09,942.77,boleto,enviado
52,371,2026-07-06,1779.96,boleto,entregue
53,243,2025-10-01,491.87,pix,entregue
54,98,2026-02-05,215.35,boleto,entregue
55,182,2026-04-27,827.76,pix,cancelado
56,28,2025-11-16,1292.36,boleto,processando
57,32,2025-01-05,788.78,pix,processando
58,128,2024-11-12,396.26,boleto,entregue
59,72,2026-03-14,824.6,pix,entregue
60,128,2025-04-05,1666.44,cartao_credito,entregue
61,282,2024-12-26,222.01,boleto,entregue
62,8,2026-03-30,1842.23,cartao_credito,enviado
63,209,2025-02-06,943.19,cartao_credito,entregue
64,31,2025-08-08,346.13,cartao_credito,entregue
65,136,2025-12-05,1763.22,pix,entregue
66,217,2026-08-21,1335.56,boleto,entregue
67,339,2024-11-08,1376.14,cartao_credito,enviado
68,152,2025-04-20,444.82,cartao_credito,entregue
69,377,2025-02-23,1048.38,boleto,entregue
70,30,2024-10-01,133.16,pix,entregue
71,272,2025-09-09,332.72,boleto,processando
72,96,2026-09-01,167.35,cartao_credito,cancelado
73,121,2025-06-09,790.92,boleto,enviado
74,297,2025-03-19,1145.71,boleto,processando
75,215,2026-05-30,1262.61,boleto,entregue
76,162,2026-02-16,1778.45,cartao_credito,cancelado
77,367,2026-01-14,624.28,pix,entregue
78,68,2025-07-04,1289.24,pix,entregue
79,162,2025-08-01,1767.87,cartao_credito,processando
80,235,2025-07-14,1195.26,boleto,processando
81,38,2026-08-10,1039.9,boleto,entregue
82,68,2024-11-22,1775.76,cartao_credito,enviado
83,190,2026-08-01,569.98,pix,entregue
84,361,2025-03-28,602.58,boleto,entregue
85,5,2026-08-22,1282.13,boleto,entregue
86,340,2025-04-29,232.57,cartao_credito,entregue
87,60,2025-12-14,1694.77,boleto,entregue
88,80,2025-05-06,546.47,boleto,enviado
89,368,2025-01-19,677.66,boleto,cancelado
90,136,2025-11-18,979.96,pix,processando
91,48,2025-08-11,1219.67,pix,processando
92,2,2026-02-16,660.32,cartao_credito,cancelado
93,135,2026-07-19,340.44,pix,entregue
94,362,2025-05-15,835.4,cartao_credito,processando
95,39,2026-05-24,1797.69,boleto,enviado
96,280,2025-11-30,106.91,pix,entregue
97,283,2024-12-24,315.35,cartao_credito,processando
98,158,2026-02-19,718.15,cartao_credito,entregue
99,108,2026-04-26,1308.54,boleto,processando
100,182,2025-02-08,1490.92,pix,entregue
101,384,2025-03-20,327.37,cartao_credito,enviado
102,91,2024-12-21,1679.33,cartao_credito,enviado
103,378,2025-07-27,1759.45,pix,cancelado
104,377,2025-11-11,1547.89,pix,enviado
105,360,2025-02-08,240.96,cartao_credito,entregue
106,114,2025-04-28,411.11,pix,entregue
107,157,2025-05-01,1566.1,cartao_credito,enviado
108,13,2024-11-12,1267.56,pix,entregue
109,143,2025-04-25,1647.6,pix,entregue
110,329,2025-11-21,987.39,boleto,entregue
111,170,2026-08-28,1786.88,cartao_credito,entregue
112,92,2026-01-08,1119.8,pix,processando
113,56,2025-08-31,1149.52,pix,cancelado
114,161,2025-11-04,851.59,boleto,processando
115,198,2025-01-27,1712.98,cartao_credito,entregue
116,23,2025-06-26,1358.24,cartao_credito,entregue
117,276,2026-05-07,1317.45,boleto,cancelado
118,344,2026-07-19,406.39,pix,processando
119,341,2026-06-16,1752.53,boleto,entregue
120,340,2025-08-12,1617.21,boleto,entregue
121,260,2024-11-20,615.17,pix,entregue
122,207,2024-12-23,1336.71,boleto,enviado
123,99,2025-10-21,821.93,pix,cancelado
124,384,2025-08-16,1719.12,boleto,entregue
125,155,2026-02-28,795.2,cartao_credito,entregue
126,147,2025-05-08,430.84,boleto,entregue
127,336,2025-10-03,639.28,pix,entregue
128,346,2026-09-03,437.38,pix,cancelado
129,87,2026-02-21,1265.36,pix,entregue
130,340,2026-03-14,1217.17,pix,processando
131,385,2025-06-11,476.76,pix,enviado
132,102,2025-09-05,313.98,cartao_credito,enviado
133,244,2025-06-09,1176.87,cartao_credito,entregue
134,213,2025-08-05,1688.11,boleto,enviado
135,368,2025-09-04,1335.12,pix,entregue
136,125,2025-07-30,314.38,boleto,processando
137,385,2025-07-22,1640.32,cartao_credito,entregue
138,113,2025-08-31,367.05,boleto,entregue
139,238,2024-09-28,133.31,cartao_credito,processando
140,234,2026-08-16,287.91,pix,cancelado
141,272,2025-11-15,1877.38,boleto,entregue
142,387,2024-09-27,1697.95,boleto,cancelado
143,259,2026-04-25,833.64,boleto,entregue
144,82,2025-07-30,1423.1,pix,entregue
145,133,2024-11-14,1438.2,boleto,entregue
146,393,2026-04-17,1486.38,pix,cancelado
147,123,2024-12-25,550.65,cartao_credito,cancelado
148,147,2025-12-28,476.06,pix,entregue
149,277,2026-08-12,189.77,cartao_credito,enviado
150,197,2025-04-29,1330.65,boleto,enviado
151,33,2026-05-10,811.55,pix,entregue
152,239,2025-03-14,813.24,cartao_credito,entregue
153,200,2025-12-01,1722.9,boleto,cancelado
154,11,2025-10-09,1633.42,boleto,entregue
155,245,2025-06-23,50.87,pix,entregue
156,386,2024-12-14,765.28,pix,entregue
157,383,2026-01-02,1406.32,boleto,enviado
158,250,2025-11-02,448.02,pix,entregue
159,15,2026-08-06,763.17,boleto,cancelado
160,208,2025-11-20,1386.88,pix,enviado
161,319,2026-07-20,1033.37,pix,entregue
162,289,2025-04-22,1273.08,cartao_credito,cancelado
163,220,2024-10-18,292.3,pix,enviado
164,26,2026-04-16,523.79,pix,enviado
165,233,2026-06-25,647.83,pix,entregue
166,386,2025-07-08,1809.14,pix,entregue
167,42,2024-12-13,914.67,boleto,entregue
168,27,2025-07-16,1899.73,pix,enviado
169,333,2026-02-09,167.53,boleto,processando
170,387,2024-09-11,97.62,cartao_credito,enviado
171,11,2025-09-01,1195.58,cartao_credito,enviado
172,243,2026-05-27,1285.09,boleto,enviado
173,239,2026-04-22,1340.9,pix,enviado
174,311,2026-07-18,1169.38,boleto,cancelado
175,59,2025-10-14,1486.59,cartao_credito,entregue
176,56,2025-08-30,1116.25,pix,entregue
177,347,2026-06-20,1728.83,pix,entregue
178,367,2024-10-19,408.79,boleto,cancelado
179,322,2024-11-11,491.6,boleto,entregue
180,351,2024-10-19,1156.67,cartao_credito,entregue
181,22,2025-04-04,685.7,pix,cancelado
182,190,2026-06-13,168.16,boleto,entregue
183,7,2026-01-24,1620.11,pix,processando
184,222,2024-11-29,1826.96,boleto,entregue
185,363,2025-05-24,324.46,cartao_credito,cancelado
186,268,2025-12-12,1835.68,pix,entregue
187,276,2024-11-21,1480.73,pix,entregue
188,375,2026-06-07,1141.9,pix,enviado
189,45,2025-04-20,558.71,pix,enviado
190,385,2025-11-20,904.26,boleto,cancelado
191,195,2025-09-15,665.6,pix,entregue
192,94,2026-02-25,946.74,pix,entregue
193,175,2025-05-22,560.06,boleto,cancelado
194,142,2026-07-10,1073.67,boleto,enviado
195,44,2024-10-24,488.82,pix,entregue
196,285,2024-12-10,1450.09,boleto,entregue
197,331,2026-04-05,1363.93,pix,processando
198,48,2025-12-05,587.18,pix,cancelado
199,125,2026-02-12,609.44,boleto,entregue
200,243,2025-10-08,1069.36,pix,entregue
201,382,2026-04-04,1063.62,pix,cancelado
202,233,2026-03-17,543.8,pix,enviado
203,62,2024-10-18,1381.49,pix,processando
204,381,2026-03-05,1036.61,boleto,enviado
205,99,2025-02-13,442.38,pix,entregue
206,371,2025-10-12,1136.53,boleto,entregue
207,145,2024-12-27,1863.65,cartao_credito,entregue
208,117,2025-11-17,711.14,pix,processando
209,363,2026-04-05,1033.39,pix,processando
210,28,2025-09-26,1069.15,boleto,enviado
211,327,2024-12-21,1655.24,pix,processando
212,7,2025-02-27,1107.66,pix,entregue
213,226,2026-08-03,673.61,cartao_credito,entregue
214,245,2026-02-13,252.1,cartao_credito,entregue
215,252,2026-01-16,177.69,boleto,cancelado
216,28,2026-06-30,322.11,boleto,entregue
217,44,2025-01-05,1888.59,cartao_credito,entregue
218,392,2025-04-28,813.98,boleto,entregue
219,116,2026-01-07,1482.69,pix,entregue
220,227,2025-05-06,592.98,boleto,entregue
221,157,2026-03-19,1097.55,cartao_credito,entregue
222,379,2026-09-04,224.47,cartao_credito,cancelado
223,109,2024-09-12,532.14,cartao_credito,enviado
224,123,2026-05-25,363.19,cartao_credito,enviado
225,2,2025-09-18,799.74,boleto,entregue
226,241,2026-01-04,581.64,cartao_credito,entregue
227,362,2026-02-23,565.76,pix,processando
228,352,2025-02-09,474.07,pix,cancelado
229,302,2024-12-05,1269.7,cartao_credito,entregue
230,59,2024-10-29,1052.79,boleto,enviado
231,137,2024-09-07,1577.43,cartao_credito,processando
232,85,2025-01-03,1514.19,boleto,cancelado
233,292,2025-12-19,1753.32,pix,processando
234,240,2026-07-22,1320.84,boleto,entregue
235,140,2024-12-10,970.78,pix,entregue
236,42,2025-10-15,1152.25,pix,cancelado
237,166,2024-11-21,1162.81,cartao_credito,processando
238,118,2025-03-18,1829.05,boleto,entregue
239,11,2025-02-12,1899.1,boleto,entregue
240,296,2024-11-26,114.73,cartao_credito,entregue
241,266,2025-09-09,1251.71,pix,enviado
242,300,2024-09-26,850.65,pix,processando
243,241,2026-06-15,687.11,pix,entregue
244,344,2025-10-04,234.46,cartao_credito,entregue
245,211,2025-08-17,1330.13,pix,cancelado
246,206,2025-07-07,1553.13,boleto,processando
247,233,2024-10-20,203.69,pix,entregue
248,60,2026-08-27,1844.44,pix,entregue
249,1,2024-12-10,1263.15,boleto,entregue
250,212,2025-04-27,140.72,boleto,entregue
251,319,2025-07-18,1446.88,boleto,entregue
252,390,2025-09-17,135.9,pix,entregue
253,68,2025-01-27,1765.37,pix,cancelado
254,249,2026-06-06,265.75,boleto,entregue
255,123,2025-03-08,1360.1,pix,entregue
256,8,2026-06-22,1067.09,cartao_credito,enviado
257,59,2026-06-27,898.19,cartao_credito,cancelado
258,79,2025-11-05,966.88,boleto,entregue
259,261,2025-03-28,1351.97,pix,entregue
260,242,2026-06-07,493.24,boleto,enviado
261,197,2025-12-26,394.44,boleto,entregue
262,383,2026-02-18,1675.45,cartao_credito,entregue
263,396,2025-08-14,1509.31,pix,entregue
264,260,2026-07-06,536.84,cartao_credito,entregue
265,372,2026-01-31,595.21,boleto,entregue
266,338,2025-12-30,950.63,cartao_credito,entregue
267,276,2024-12-11,940.77,pix,entregue
268,391,2025-08-08,1050.68,pix,entregue
269,97,2024-12-29,1864.14,cartao_credito,entregue
270,197,2026-01-14,474.33,pix,processando
271,163,2024-09-23,1425.05,boleto,entregue
272,198,2025-01-28,1878.35,boleto,enviado
273,254,2024-12-26,1834.47,cartao_credito,entregue
274,303,2026-06-04,657.41,cartao_credito,entregue
275,52,2026-04-08,1018.17,pix,processando
276,370,2026-01-30,308.03,boleto,enviado
277,39,2025-03-12,913.15,pix,entregue
278,320,2025-01-17,1328.33,boleto,processando
279,169,2025-10-09,1625.25,boleto,entregue
280,163,2026-04-06,1205.75,pix,entregue
281,19,2026-03-04,1188.37,cartao_credito,cancelado
282,351,2025-11-05,1752.83,cartao_credito,cancelado
283,47,2025-02-09,847.09,cartao_credito,cancelado
284,361,2025-09-11,1662.9,pix,enviado
285,356,2025-09-15,596.91,cartao_credito,processando
286,167,2025-04-20,1520.73,pix,entregue
287,192,2025-04-19,840.98,cartao_credito,entregue
288,211,2026-02-07,1092.53,cartao_credito,enviado
289,90,2024-11-23,186.78,pix,entregue
290,350,2025-12-08,487.84,boleto,enviado
291,119,2025-09-24,897.64,pix,entregue
292,131,2025-06-19,1280.22,pix,entregue
293,347,2026-02-07,1056.57,cartao_credito,entregue
294,177,2025-04-08,1876.93,pix,cancelado
295,218,2025-07-07,1323.88,pix,entregue
296,102,2025-07-03,1898.73,pix,processando
297,122,2026-03-02,749.24,pix,entregue
298,152,2026-05-21,1886.31,pix,processando
299,338,2024-11-29,776.1,cartao_credito,entregue
300,352,2025-09-02,1487.56,cartao_credito,entregue
301,382,2025-07-27,963.81,pix,enviado
302,311,2026-05-31,1531.49,cartao_credito,cancelado
303,98,2025-08-02,1194.76,boleto,cancelado
304,393,2024-12-31,1265.98,cartao_credito,cancelado
305,50,2024-09-28,1720.23,boleto,processando
306,159,2025-04-15,1506.72,cartao_credito,entregue
307,187,2025-08-28,1402.09,cartao_credito,entregue
308,168,2024-12-09,1430.21,cartao_credito,enviado
309,68,2025-11-19,1502.81,pix,entregue
310,257,2025-07-06,1738.99,cartao_credito,entregue
311,247,2024-09-15,1839.23,pix,cancelado
312,174,2025-12-01,1535.77,pix,processando
313,73,2025-04-30,1442.62,cartao_credito,cancelado
314,371,2024-10-03,1294.3,pix,entregue
315,188,2026-01-21,207.86,pix,processando
316,136,2026-01-25,1037.92,pix,entregue
317,345,2026-08-01,1433.06,pix,entregue
318,196,2026-01-30,1569.6,pix,processando
319,346,2026-01-01,474.81,cartao_credito,entregue
320,288,2025-08-18,649.99,boleto,enviado
321,332,2024-10-10,157.48,pix,cancelado
322,155,2026-08-13,1247.49,cartao_credito,enviado
323,24,2026-08-12,1799.95,pix,entregue
324,60,2025-06-09,220.68,boleto,enviado
325,199,2024-12-24,883.68,boleto,cancelado
326,357,2025-09-05,1799.41,pix,entregue
327,381,2026-07-24,1391.37,pix,cancelado
328,51,2026-03-22,1590.57,boleto,entregue
329,144,2025-08-29,100.75,pix,enviado
330,228,2025-04-10,867.03,cartao_credito,entregue
331,51,2024-09-14,1864.43,pix,entregue
332,331,2025-01-07,707.03,pix,entregue
333,98,2025-06-11,1840.76,pix,processando
334,340,2025-09-30,434.42,boleto,entregue
335,11,2026-07-03,133.98,pix,enviado
336,65,2026-07-07,1503.68,cartao_credito,processando
337,392,2025-10-02,1070.73,boleto,enviado
338,120,2025-02-17,651.02,cartao_credito,entregue
339,2,2025-06-04,555.63,cartao_credito,enviado
340,277,2026-08-09,506.12,cartao_credito,processando
341,339,2026-03-09,1651.49,cartao_credito,processando
342,184,2025-10-19,1509.27,cartao_credito,entregue
343,166,2025-07-07,69.25,pix,processando
344,65,2025-10-10,1419.5,boleto,processando
345,382,2024-10-25,158.12,pix,entregue
346,263,2025-01-20,1144.12,pix,entregue
347,114,2026-01-29,1798.37,cartao_credito,cancelado
348,338,2025-01-02,1009.8,pix,cancelado
349,16,2025-06-07,153.04,pix,entregue
350,219,2026-01-29,1316.04,pix,cancelado
351,228,2026-03-19,176.59,cartao_credito,entregue
352,312,2025-11-18,315.8,cartao_credito,entregue
353,320,2025-05-28,1217.42,boleto,cancelado
354,167,2025-08-29,748.38,boleto,entregue
355,151,2026-03-16,883.81,boleto,entregue
356,51,2026-07-05,1515.06,cartao_credito,cancelado
357,334,2026-05-11,1672.43,boleto,cancelado
358,111,2024-12-24,839.83,cartao_credito,entregue
359,174,2025-04-11,1578.9,pix,entregue
360,374,2026-05-09,216.76,pix,entregue
361,341,2026-04-22,514.0,cartao_credito,cancelado
362,243,2026-01-31,164.77,cartao_credito,processando
363,222,2025-04-30,219.51,boleto,entregue
364,67,2026-08-25,1074.75,boleto,entregue
365,288,2025-07-09,653.04,cartao_credito,entregue
366,182,2024-10-29,1664.81,pix,cancelado
367,27,2026-08-19,1841.12,boleto,entregue
368,181,2026-06-20,232.6,boleto,enviado
369,80,2026-01-21,1261.43,cartao_credito,processando
370,180,2025-09-17,1612.29,pix,processando
371,391,2025-06-26,558.04,cartao_credito,entregue
372,288,2025-09-08,1852.56,boleto,entregue
373,346,2025-12-21,1235.32,cartao_credito,entregue
374,337,2026-01-31,1582.7,pix,processando
375,93,2025-01-25,548.18,pix,entregue
376,180,2025-11-28,51.26,cartao_credito,entregue
377,337,2026-03-11,785.36,cartao_credito,cancelado
378,325,2026-08-28,1847.47,cartao_credito,cancelado
379,272,2025-10-05,440.05,pix,entregue
380,175,2026-05-02,332.68,pix,cancelado
381,167,2026-01-31,1484.81,boleto,entregue
382,44,2025-10-20,1682.92,cartao_credito,enviado
383,387,2025-03-27,1189.08,boleto,processando
384,140,2024-12-16,864.09,pix,entregue
385,311,2026-03-02,862.1,pix,enviado
386,387,2025-05-16,992.86,pix,entregue
387,57,2025-12-08,566.74,boleto,entregue
388,250,2025-12-02,1020.0,pix,processando
389,113,2025-06-04,775.09,boleto,processando
390,4,2025-12-04,420.13,cartao_credito,enviado
391,392,2025-12-30,515.17,pix,processando
392,4,2026-06-13,965.04,pix,enviado
393,67,2025-07-17,747.09,boleto,enviado
394,257,2024-10-29,1079.13,boleto,entregue
395,37,2024-10-11,778.45,boleto,processando
396,224,2024-09-29,74.76,cartao_credito,entregue
397,295,2026-06-30,838.37,pix,cancelado
398,328,2026-03-30,816.81,cartao_credito,entregue
399,11,2025-01-08,1837.03,cartao_credito,entregue
400,236,2025-03-05,1587.47,pix,processando
401,224,2024-11-20,1610.64,cartao_credito,entregue
402,302,2026-02-05,784.74,cartao_credito,entregue
403,159,2024-11-28,1427.1,cartao_credito,entregue
404,399,2025-09-29,352.63,boleto,cancelado
405,59,2026-09-02,1026.82,cartao_credito,entregue
406,180,2026-02-16,1392.83,boleto,enviado
407,121,2025-09-12,231.12,pix,enviado
408,89,2025-05-16,1160.36,boleto,processando
409,91,2026-04-20,1809.3,boleto,entregue
410,238,2025-03-05,1443.17,boleto,entregue
411,349,2026-04-29,1758.83,boleto,cancelado
412,326,2026-05-28,1874.85,pix,cancelado
413,162,2026-08-20,320.68,cartao_credito,entregue
414,227,2026-03-30,1214.28,pix,entregue
415,29,2026-05-17,694.51,cartao_credito,entregue
416,237,2025-03-09,880.46,cartao_credito,entregue
417,147,2024-11-27,182.62,cartao_credito,entregue
418,305,2026-08-06,983.05,pix,entregue
419,284,2026-07-23,1814.77,boleto,processando
420,231,2025-01-20,1730.73,boleto,cancelado
421,97,2026-03-26,637.94,pix,entregue
422,78,2026-08-01,1821.26,pix,processando
423,176,2025-07-02,1867.14,cartao_credito,entregue
424,331,2026-04-17,360.86,cartao_credito,cancelado
425,225,2025-07-30,1883.13,boleto,entregue
426,313,2026-08-24,335.17,pix,entregue
427,199,2024-10-26,800.21,pix,cancelado
428,307,2024-10-25,137.3,boleto,cancelado
429,172,2025-12-26,162.5,cartao_credito,entregue
430,348,2025-03-20,758.91,pix,cancelado
431,337,2024-12-04,1833.7,boleto,enviado
432,171,2024-10-06,191.49,boleto,enviado
433,180,2026-06-26,616.93,boleto,cancelado
434,340,2026-04-12,768.94,boleto,cancelado
435,44,2024-11-02,615.72,pix,cancelado
436,169,2025-08-15,1552.42,boleto,cancelado
437,379,2026-04-22,1894.63,boleto,processando
438,331,2025-06-24,1286.95,boleto,entregue
439,10,2025-12-22,714.33,cartao_credito,enviado
440,175,2026-01-10,1802.56,pix,enviado
441,116,2026-06-21,1899.86,cartao_credito,processando
442,152,2024-09-29,1610.54,cartao_credito,entregue
443,395,2026-08-25,1043.87,boleto,entregue
444,20,2025-01-20,1271.09,boleto,enviado
445,306,2025-05-14,740.6,cartao_credito,enviado
446,355,2024-11-29,1474.14,cartao_credito,cancelado
447,225,2026-03-03,121.17,pix,cancelado
448,369,2025-08-22,481.71,pix,entregue
449,146,2025-06-27,1439.35,pix,enviado
450,274,2024-12-19,484.75,pix,enviado
451,189,2026-01-15,1301.55,boleto,entregue
452,237,2025-11-26,1471.06,pix,entregue
453,271,2025-11-13,818.61,cartao_credito,enviado
454,310,2025-02-09,297.32,pix,processando
455,329,2025-02-06,933.8,pix,entregue
456,53,2025-03-22,1363.11,boleto,processando
457,146,2025-09-23,195.91,cartao_credito,entregue
458,231,2025-08-12,1723.77,cartao_credito,entregue
459,47,2026-02-16,1800.23,cartao_credito,entregue
460,179,2025-04-17,1770.58,pix,processando
461,203,2025-03-01,973.63,cartao_credito,entregue
462,42,2025-02-10,737.24,cartao_credito,entregue
463,51,2026-04-06,1600.77,boleto,entregue
464,75,2025-01-10,295.84,pix,entregue
465,357,2025-08-10,1585.77,boleto,entregue
466,230,2026-06-01,1184.45,cartao_credito,processando
467,132,2025-10-22,441.02,cartao_credito,entregue
468,373,2026-05-28,1172.42,pix,processando
469,398,2026-05-13,575.77,pix,processando
470,25,2025-02-03,483.4,boleto,entregue
471,235,2024-11-12,156.72,pix,entregue
472,275,2025-12-03,70.47,boleto,entregue
473,124,2024-09-25,1376.39,pix,entregue
474,1,2026-01-08,1183.45,cartao_credito,entregue
475,214,2026-02-08,388.3,boleto,processando
476,269,2024-11-20,1852.76,cartao_credito,entregue
477,279,2025-02-12,983.53,boleto,entregue
478,11,2024-10-02,766.14,pix,processando
479,326,2026-05-29,759.5,pix,entregue
480,383,2024-12-25,70.11,cartao_credito,entregue
481,124,2026-08-01,1403.17,boleto,processando
482,396,2024-09-11,1122.24,pix,enviado
483,23,2025-06-13,695.18,pix,cancelado
484,90,2026-05-01,1584.41,boleto,entregue
485,357,2025-07-20,929.97,cartao_credito,enviado
486,33,2025-11-22,1371.74,pix,processando
487,151,2025-11-05,414.86,cartao_credito,processando
488,162,2026-07-10,1775.97,boleto,entregue
489,279,2024-11-01,920.42,cartao_credito,cancelado
490,98,2025-05-29,572.07,cartao_credito,cancelado
491,170,2025-01-28,548.08,pix,entregue
492,205,2026-02-19,1422.45,pix,entregue
493,96,2026-03-27,962.84,pix,entregue
494,266,2026-08-15,536.0,cartao_credito,cancelado
495,218,2026-03-26,186.7,boleto,enviado
496,280,2026-01-18,586.31,cartao_credito,processando
497,168,2025-10-22,1269.21,pix,entregue
498,309,2025-09-27,1374.75,cartao_credito,cancelado
499,228,2025-02-01,693.78,cartao_credito,cancelado
500,181,2026-06-15,1183.52,pix,entregue
501,328,2025-02-15,1862.75,cartao_credito,processando
502,344,2025-11-24,1225.67,pix,entregue
503,384,2026-06-11,1303.6,cartao_credito,enviado
504,312,2025-09-09,1301.15,pix,processando
505,65,2025-10-01,164.95,boleto,entregue
506,186,2025-06-07,752.01,boleto,processando
507,310,2025-06-10,325.29,pix,entregue
508,191,2025-12-31,865.63,cartao_credito,entregue
509,71,2026-08-06,1024.7,pix,entregue
510,333,2025-11-14,558.26,cartao_credito,processando
511,377,2026-07-01,385.95,boleto,entregue
512,288,2024-12-23,258.94,pix,cancelado
513,229,2026-05-22,439.0,boleto,entregue
514,356,2024-10-29,1744.55,pix,enviado
515,63,2025-08-13,292.35,cartao_credito,entregue
516,89,2025-08-05,1711.44,pix,processando
517,350,2026-01-05,1839.56,pix,cancelado
518,178,2025-06-26,1359.65,boleto,entregue
519,149,2026-07-17,1697.78,cartao_credito,cancelado
520,364,2024-11-01,1764.72,boleto,enviado
521,186,2025-11-23,986.19,cartao_credito,enviado
522,72,2024-11-06,480.23,pix,processando
523,185,2024-12-14,1070.38,pix,entregue
524,283,2026-05-07,281.27,cartao_credito,processando
525,159,2025-10-13,780.48,boleto,cancelado
526,246,2025-04-26,1017.69,pix,entregue
527,38,2024-11-24,273.01,pix,cancelado
528,38,2024-12-07,876.85,boleto,entregue
529,177,2025-09-29,278.6,boleto,cancelado
530,301,2025-03-05,378.35,cartao_credito,entregue
531,258,2024-10-16,1733.82,cartao_credito,processando
532,266,2025-12-18,324.51,cartao_credito,enviado
533,166,2025-10-31,1778.51,cartao_credito,entregue
534,266,2025-05-22,1704.46,cartao_credito,entregue
535,101,2024-09-24,1221.11,boleto,entregue
536,65,2025-02-28,1202.44,boleto,entregue
537,48,2026-06-06,974.69,cartao_credito,entregue
538,298,2026-09-07,326.7,boleto,entregue
539,369,2025-04-20,1717.62,pix,entregue
540,22,2026-08-24,1574.84,cartao_credito,processando
541,24,2026-06-12,1804.2,boleto,entregue
542,334,2025-03-21,432.0,boleto,entregue
543,317,2025-07-07,1228.42,pix,cancelado
544,280,2026-03-07,578.69,pix,entregue
545,126,2025-06-11,1536.62,boleto,entregue
546,153,2024-10-29,883.49,boleto,processando
547,81,2026-07-16,857.57,pix,entregue
548,105,2026-07-15,672.66,cartao_credito,entregue
549,368,2025-01-07,633.83,pix,entregue
550,67,2025-04-18,1454.74,boleto,entregue
551,55,2024-11-04,633.46,pix,processando
552,137,2025-10-27,876.15,cartao_credito,processando
553,26,2025-11-27,579.69,pix,entregue
554,215,2025-03-13,501.68,cartao_credito,entregue
555,296,2026-07-01,1381.2,cartao_credito,enviado
556,256,2025-10-14,1892.4,pix,entregue
557,158,2026-08-31,965.01,cartao_credito,entregue
558,259,2025-12-25,890.35,cartao_credito,enviado
559,299,2025-09-30,696.28,cartao_credito,entregue
560,254,2025-05-07,1151.28,boleto,cancelado
561,241,2025-07-14,571.39,cartao_credito,processando
562,221,2025-12-31,289.02,pix,cancelado
563,188,2024-10-20,1460.67,pix,processando
564,206,2025-11-05,135.05,boleto,enviado
565,186,2026-03-02,1068.89,cartao_credito,entregue
566,259,2026-07-31,877.56,boleto,entregue
567,320,2024-12-02,1305.44,cartao_credito,enviado
568,50,2025-12-03,772.56,pix,entregue
569,188,2025-09-07,1444.14,cartao_credito,entregue
570,261,2026-09-04,786.48,cartao_credito,processando
571,20,2026-08-20,294.79,pix,entregue
572,266,2025-03-30,889.9,boleto,entregue
573,72,2026-01-27,649.92,boleto,entregue
574,84,2024-09-30,770.8,boleto,cancelado
575,154,2024-10-02,1144.23,boleto,entregue
576,273,2025-05-27,951.01,boleto,entregue
577,244,2025-07-31,1557.19,pix,entregue
578,345,2025-03-28,243.76,pix,entregue
579,158,2025-02-09,1521.86,boleto,cancelado
580,323,2025-05-24,89.46,pix,entregue
581,336,2026-07-28,1496.1,boleto,entregue
582,117,2026-04-23,1381.7,boleto,entregue
583,88,2024-10-23,1014.97,boleto,entregue
584,397,2024-12-24,1604.47,cartao_credito,cancelado
585,125,2025-02-12,98.62,boleto,processando
586,98,2025-11-05,75.12,pix,entregue
587,78,2026-06-03,808.01,cartao_credito,entregue
588,257,2026-03-31,1481.35,pix,cancelado
589,373,2025-05-21,155.74,cartao_credito,entregue
590,107,2026-08-25,1083.15,boleto,entregue
591,270,2026-04-18,740.79,cartao_credito,entregue
592,273,2026-02-04,676.63,pix,cancelado
593,396,2026-08-16,1653.74,boleto,cancelado
594,355,2026-07-21,531.61,pix,enviado
595,127,2024-10-25,558.85,pix,enviado
596,153,2025-03-09,1474.28,boleto,enviado
597,354,2025-09-25,1351.18,pix,entregue
598,179,2024-11-02,1082.41,boleto,entregue
599,148,2026-05-25,266.59,boleto,entregue
600,195,2025-11-18,1706.01,pix,entregue
601,396,2026-08-10,1536.49,pix,processando
602,148,2025-12-24,1816.78,cartao_credito,entregue
603,227,2026-03-07,1260.01,boleto,entregue
604,110,2026-06-17,415.75,boleto,entregue
605,288,2026-04-24,1334.78,cartao_credito,processando
606,316,2026-05-27,1417.96,cartao_credito,enviado
607,26,2024-10-04,1285.79,boleto,enviado
608,327,2025-06-02,472.98,cartao_credito,entregue
609,170,2024-10-31,1374.19,cartao_credito,cancelado
610,395,2025-07-27,295.59,boleto,enviado
611,209,2025-12-15,1254.28,pix,entregue
612,334,2026-04-04,410.89,pix,entregue
613,147,2025-12-26,1241.27,cartao_credito,cancelado
614,294,2026-08-29,471.83,boleto,cancelado
615,20,2024-11-08,1738.51,cartao_credito,entregue
616,91,2026-07-28,1777.0,cartao_credito,entregue
617,254,2025-11-09,386.44,boleto,entregue
618,20,2025-09-13,57.14,boleto,entregue
619,55,2024-12-16,1766.83,pix,entregue
620,233,2025-04-05,1879.63,boleto,entregue
621,253,2026-03-22,1693.92,cartao_credito,entregue
622,240,2024-10-09,547.38,cartao_credito,entregue
623,84,2024-11-26,1399.78,boleto,entregue
624,368,2024-10-04,386.23,boleto,entregue
625,152,2025-09-27,1095.97,cartao_credito,enviado
626,313,2025-10-06,1632.33,pix,entregue
627,264,2025-02-28,649.84,pix,cancelado
628,49,2026-01-25,383.59,cartao_credito,entregue
629,166,2025-06-06,1780.54,cartao_credito,entregue
630,197,2025-08-08,477.97,pix,entregue
631,155,2025-09-12,1123.28,boleto,processando
632,134,2025-04-30,1255.75,boleto,enviado
633,32,2026-05-07,1281.98,pix,entregue
634,82,2026-06-29,793.97,boleto,cancelado
635,395,2026-07-19,618.32,cartao_credito,cancelado
636,152,2025-03-02,723.53,cartao_credito,enviado
637,69,2024-09-23,929.32,pix,cancelado
638,311,2026-08-31,734.84,boleto,entregue
639,242,2024-10-19,1448.57,boleto,enviado
640,391,2024-09-27,500.19,boleto,processando
641,270,2026-04-30,870.85,boleto,entregue
642,40,2026-05-07,1745.98,cartao_credito,processando
643,281,2026-05-30,1719.27,cartao_credito,entregue
644,275,2025-02-06,318.63,pix,entregue
645,227,2025-10-26,256.11,cartao_credito,cancelado
646,299,2025-12-23,949.12,boleto,entregue
647,29,2026-07-07,883.28,boleto,entregue
648,234,2025-06-28,1088.77,boleto,entregue
649,345,2026-02-18,1540.76,boleto,processando
650,203,2026-02-19,513.19,cartao_credito,cancelado
651,112,2026-04-03,1115.56,cartao_credito,entregue
652,177,2024-09-21,1342.62,boleto,processando
653,36,2025-11-10,1874.12,pix,processando
654,147,2025-09-16,800.39,cartao_credito,cancelado
655,374,2024-10-17,1241.24,pix,entregue
656,196,2025-07-04,874.18,pix,entregue
657,42,2026-04-24,1309.78,boleto,entregue
658,69,2025-06-27,1255.47,pix,processando
659,92,2026-03-01,1886.6,pix,entregue
660,66,2024-12-13,1393.72,cartao_credito,processando
661,388,2025-08-06,82.19,pix,entregue
662,345,2026-03-05,1377.41,pix,entregue
663,195,2025-08-04,1571.35,cartao_credito,entregue
664,178,2025-11-07,328.43,cartao_credito,cancelado
665,392,2024-12-23,249.79,boleto,entregue
666,315,2024-12-05,1464.76,cartao_credito,enviado
667,106,2025-08-13,165.06,boleto,processando
668,229,2024-12-07,1151.78,boleto,processando
669,126,2026-08-04,1417.31,pix,entregue
670,120,2025-12-29,1043.85,cartao_credito,enviado
671,258,2026-08-09,1887.78,cartao_credito,cancelado
672,295,2025-06-19,633.06,boleto,cancelado
673,165,2025-06-07,480.54,cartao_credito,cancelado
674,267,2025-02-04,451.04,pix,entregue
675,32,2025-05-31,1075.4,boleto,cancelado
676,90,2025-08-12,1204.25,pix,entregue
677,254,2026-08-21,127.1,pix,cancelado
678,344,2024-10-21,748.85,boleto,entregue
679,357,2025-03-10,814.26,cartao_credito,entregue
680,193,2025-03-06,381.91,boleto,entregue
681,124,2024-11-17,1619.67,pix,cancelado
682,74,2025-12-08,1538.64,cartao_credito,entregue
683,212,2024-09-14,1839.98,boleto,entregue
684,69,2025-03-02,762.36,pix,enviado
685,170,2025-07-24,1242.77,pix,entregue
686,48,2026-04-10,1036.18,cartao_credito,processando
687,138,2026-04-14,741.43,boleto,entregue
688,21,2026-07-28,1664.83,cartao_credito,entregue
689,371,2026-05-27,1288.8,cartao_credito,entregue
690,107,2026-05-16,1657.12,pix,entregue
691,8,2025-10-28,433.86,cartao_credito,cancelado
692,61,2025-11-22,1429.1,pix,enviado
693,357,2024-10-12,1164.09,cartao_credito,entregue
694,123,2026-05-22,1066.77,pix,entregue
695,239,2024-09-18,1032.49,pix,entregue
696,134,2026-07-17,708.84,pix,entregue
697,51,2026-03-20,1533.14,boleto,entregue
698,390,2025-03-20,1601.8,cartao_credito,entregue
699,161,2026-05-31,809.81,boleto,enviado
700,380,2024-10-21,311.32,pix,entregue
701,300,2024-11-05,1117.11,pix,entregue
702,79,2024-10-21,404.82,cartao_credito,entregue
703,292,2024-12-14,1589.95,pix,entregue
704,336,2025-08-13,1794.74,pix,entregue
705,391,2025-01-25,1568.06,boleto,cancelado
706,379,2025-04-14,952.41,cartao_credito,cancelado
707,181,2024-10-10,354.73,boleto,entregue
708,251,2025-05-08,382.23,boleto,cancelado
709,31,2025-06-05,1014.44,cartao_credito,cancelado
710,25,2025-12-18,1461.57,pix,enviado
711,323,2026-01-28,470.37,boleto,enviado
712,5,2026-07-30,446.72,pix,entregue
713,31,2025-03-15,1189.07,boleto,entregue
714,248,2025-04-22,1266.17,cartao_credito,processando
715,273,2024-12-16,1065.96,cartao_credito,processando
716,272,2025-12-21,1383.18,boleto,entregue
717,9,2025-07-12,974.02,boleto,cancelado
718,221,2025-09-13,1539.37,cartao_credito,processando
719,50,2026-01-30,1015.26,cartao_credito,enviado
720,318,2024-12-11,1019.11,pix,entregue
721,204,2026-01-29,186.88,pix,entregue
722,290,2024-11-05,492.27,boleto,enviado
723,154,2024-11-05,1312.22,cartao_credito,cancelado
724,333,2025-03-20,1452.73,cartao_credito,entregue
725,195,2026-09-05,741.44,pix,processando
726,327,2025-11-03,57.48,cartao_credito,processando
727,256,2025-02-13,1612.21,boleto,entregue
728,290,2025-09-26,1857.73,cartao_credito,entregue
729,22,2026-03-08,467.27,boleto,entregue
730,244,2026-04-01,544.14,cartao_credito,cancelado
731,144,2026-05-31,1712.62,boleto,cancelado
732,17,2025-06-11,373.5,pix,processando
733,107,2026-08-05,1131.79,boleto,entregue
734,40,2026-08-18,596.56,boleto,enviado
735,291,2026-07-06,1592.35,pix,cancelado
736,277,2025-02-25,656.92,boleto,enviado
737,353,2025-08-17,1386.84,boleto,cancelado
738,178,2026-03-14,139.78,pix,enviado
739,39,2025-04-30,673.4,boleto,entregue
740,204,2025-06-19,1842.09,pix,processando
741,325,2026-05-06,548.29,pix,entregue
742,117,2025-11-09,701.71,pix,entregue
743,96,2025-04-22,1304.13,boleto,entregue
744,44,2026-07-13,1476.13,pix,enviado
745,366,2026-01-27,176.62,pix,enviado
746,195,2025-03-15,1363.62,boleto,enviado
747,379,2025-10-21,764.6,pix,processando
748,47,2026-08-01,49.56,pix,entregue
749,185,2025-04-02,1456.0,cartao_credito,enviado
750,45,2025-05-12,388.45,pix,entregue
751,285,2026-03-02,993.04,cartao_credito,processando
752,46,2025-11-01,698.18,cartao_credito,entregue
753,307,2025-10-03,1498.96,pix,processando
754,150,2024-11-27,809.59,cartao_credito,cancelado
755,287,2024-10-18,1723.59,cartao_credito,entregue
756,267,2025-06-03,355.32,pix,enviado
757,72,2026-08-07,540.09,pix,entregue
758,75,2025-07-23,157.58,pix,entregue
759,216,2026-03-08,597.44,cartao_credito,entregue
760,129,2026-01-03,1796.15,boleto,cancelado
761,254,2025-09-19,1144.38,cartao_credito,entregue
762,55,2025-04-12,291.91,cartao_credito,entregue
763,171,2024-11-06,1605.3,pix,entregue
764,226,2025-02-12,662.51,boleto,entregue
765,70,2026-08-16,598.71,boleto,cancelado
766,103,2024-12-22,930.86,cartao_credito,entregue
767,164,2026-06-22,581.99,boleto,cancelado
768,252,2025-10-16,1839.94,cartao_credito,entregue
769,193,2025-03-05,561.26,pix,entregue
770,59,2025-05-01,1773.54,cartao_credito,entregue
771,280,2026-04-06,374.56,boleto,processando
772,373,2025-11-10,898.52,boleto,enviado
773,225,2025-02-17,1523.6,boleto,processando
774,210,2024-12-11,1291.64,cartao_credito,cancelado
775,156,2025-06-23,490.06,boleto,enviado
776,367,2026-03-24,826.92,pix,processando
777,230,2026-06-03,1882.6,pix,entregue
778,206,2026-05-12,1033.82,boleto,entregue
779,279,2024-12-26,108.28,pix,cancelado
780,275,2024-10-04,1144.41,cartao_credito,processando
781,394,2025-03-08,501.61,boleto,entregue
782,86,2026-03-03,1243.32,cartao_credito,entregue
783,331,2025-08-14,1300.0,pix,entregue
784,221,2026-01-24,236.96,cartao_credito,entregue
785,114,2026-04-23,989.76,boleto,entregue
786,298,2025-08-25,1318.96,cartao_credito,entregue
787,192,2024-12-04,767.41,boleto,entregue
788,354,2024-09-23,970.77,pix,processando
789,248,2025-09-29,234.36,pix,processando
790,60,2026-06-18,1586.15,boleto,enviado
791,179,2024-10-03,620.02,pix,enviado
792,267,2025-04-04,938.14,pix,processando
793,225,2025-04-10,1382.81,pix,entregue
794,35,2025-12-07,598.39,boleto,processando
795,12,2025-07-02,1619.37,boleto,processando
796,347,2025-04-28,1527.99,boleto,enviado
797,265,2026-06-11,364.38,cartao_credito,entregue
798,287,2024-11-11,832.95,pix,enviado
799,208,2024-10-23,1211.25,cartao_credito,cancelado
800,337,2025-04-11,843.67,cartao_credito,cancelado
801,315,2026-07-02,1682.46,pix,entregue
802,220,2025-12-24,763.13,boleto,enviado
803,106,2025-07-02,557.62,boleto,processando
804,296,2025-09-26,229.16,boleto,enviado
805,188,2024-09-21,646.23,pix,processando
806,135,2026-07-09,1287.4,pix,entregue
807,328,2025-07-01,622.83,pix,entregue
808,201,2025-07-02,1131.73,pix,entregue
809,235,2025-08-17,1188.19,boleto,cancelado
810,153,2024-10-11,1748.65,boleto,processando
811,345,2025-02-28,289.04,cartao_credito,enviado
812,157,2025-02-13,257.42,pix,cancelado
813,73,2025-06-28,990.03,pix,entregue
814,71,2025-01-28,1109.04,pix,enviado
815,250,2026-02-01,1221.93,boleto,cancelado
816,89,2025-08-07,1072.04,pix,entregue
817,72,2025-10-25,387.9,pix,entregue
818,28,2024-10-17,1649.77,cartao_credito,entregue
819,70,2026-02-01,402.84,pix,entregue
820,259,2025-05-02,1254.61,pix,cancelado
821,252,2024-10-01,812.97,pix,entregue
822,86,2025-11-01,193.67,cartao_credito,enviado
823,150,2026-04-22,100.71,cartao_credito,entregue
824,148,2025-06-04,352.77,pix,entregue
825,381,2026-09-04,1476.84,pix,entregue
826,262,2024-09-27,250.47,cartao_credito,entregue
827,397,2026-08-14,1050.08,pix,entregue
828,388,2025-12-23,117.3,boleto,entregue
829,280,2026-04-16,446.39,pix,processando
830,377,2026-08-01,1583.83,cartao_credito,entregue
831,17,2025-05-26,876.4,pix,processando
832,225,2026-08-24,1649.34,cartao_credito,enviado
833,108,2026-06-12,1547.81,boleto,cancelado
834,180,2026-08-12,1641.45,boleto,cancelado
835,220,2025-03-29,348.63,cartao_credito,enviado
836,106,2026-05-29,1538.02,boleto,entregue
837,273,2026-04-15,562.72,boleto,enviado
838,166,2025-12-10,1860.84,pix,entregue
839,294,2025-02-22,537.16,boleto,cancelado
840,49,2026-04-18,292.1,pix,processando
841,142,2024-09-28,1652.61,cartao_credito,cancelado
842,68,2025-05-29,504.3,boleto,entregue
843,127,2026-03-24,1456.24,boleto,entregue
844,251,2026-06-13,304.34,boleto,entregue
845,322,2026-01-02,810.36,pix,processando
846,325,2025-08-10,1517.85,cartao_credito,entregue
847,264,2026-07-11,1434.53,boleto,entregue
848,233,2025-08-05,1807.37,pix,entregue
849,2,2026-05-07,1656.07,boleto,processando
850,375,2026-03-27,1848.1,boleto,cancelado
851,358,2026-08-29,706.19,cartao_credito,entregue
852,204,2026-04-01,445.06,pix,enviado
853,254,2026-04-14,539.38,pix,entregue
854,281,2024-10-21,1114.86,boleto,entregue
855,176,2026-05-27,1703.03,cartao_credito,processando
856,51,2024-11-30,1204.59,pix,processando
857,64,2025-11-10,1768.65,cartao_credito,entregue
858,234,2025-07-05,41.16,pix,enviado
859,353,2026-03-21,1731.4,boleto,entregue
860,82,2026-09-01,1666.33,pix,processando
861,336,2026-02-15,710.31,cartao_credito,entregue
862,341,2025-04-18,1720.97,cartao_credito,processando
863,203,2026-07-05,1203.52,boleto,cancelado
864,387,2026-09-05,475.41,boleto,processando
865,361,2025-10-27,216.94,cartao_credito,entregue
866,40,2025-09-02,286.72,cartao_credito,entregue
867,349,2025-08-02,867.72,cartao_credito,cancelado
868,176,2025-11-25,1559.72,pix,cancelado
869,68,2026-03-19,928.42,cartao_credito,entregue
870,46,2025-11-22,1399.12,cartao_credito,processando
871,161,2026-04-27,723.56,pix,enviado
872,196,2025-10-15,1478.54,cartao_credito,cancelado
873,347,2025-03-28,305.61,boleto,entregue
874,5,2025-01-11,1175.09,cartao_credito,entregue
875,180,2025-06-30,1383.62,boleto,cancelado
876,78,2025-09-04,1750.9,boleto,cancelado
877,227,2026-04-09,1639.43,cartao_credito,processando
878,72,2026-08-26,1439.45,boleto,cancelado
879,197,2025-03-11,693.76,pix,entregue
880,72,2024-12-18,500.78,boleto,processando
881,128,2026-08-13,1069.22,boleto,cancelado
882,312,2024-09-18,569.85,boleto,processando
883,338,2025-04-13,1668.94,cartao_credito,entregue
884,311,2026-05-21,987.61,boleto,entregue
885,152,2026-02-19,1241.78,cartao_credito,entregue
886,198,2025-04-08,249.6,pix,cancelado
887,305,2024-11-12,171.98,cartao_credito,entregue
888,163,2025-03-20,285.39,boleto,entregue
889,188,2026-04-29,1056.12,cartao_credito,entregue
890,395,2025-11-02,175.66,boleto,processando
891,8,2025-04-24,527.56,cartao_credito,processando
892,204,2025-05-27,982.2,boleto,cancelado
893,257,2025-11-24,1466.72,pix,cancelado
894,206,2025-07-10,193.22,boleto,entregue
895,316,2024-10-06,323.89,cartao_credito,entregue
896,41,2025-12-29,990.93,cartao_credito,enviado
897,275,2025-04-08,647.66,boleto,cancelado
898,391,2025-06-14,1592.12,boleto,cancelado
899,34,2025-04-03,616.82,pix,cancelado
900,123,2026-02-01,147.61,cartao_credito,entregue
901,60,2025-03-20,883.17,boleto,processando
902,159,2026-05-07,1278.81,boleto,cancelado
903,90,2026-01-27,262.06,boleto,enviado
904,360,2026-05-29,61.01,pix,entregue
905,268,2026-04-29,1001.93,boleto,entregue
906,86,2025-12-23,731.58,boleto,entregue
907,376,2024-09-16,1688.63,cartao_credito,entregue
908,220,2024-12-12,545.78,cartao_credito,entregue
909,365,2025-05-03,1853.49,boleto,processando
910,255,2025-11-22,886.57,pix,processando
911,256,2026-02-02,1638.31,cartao_credito,entregue
912,81,2025-05-14,514.42,cartao_credito,entregue
913,346,2026-06-18,1384.27,cartao_credito,cancelado
914,261,2025-03-31,44.68,cartao_credito,enviado
915,24,2026-06-27,917.38,pix,enviado
916,92,2025-01-23,1771.86,cartao_credito,entregue
917,366,2025-08-17,1417.54,pix,enviado
918,165,2025-09-01,501.67,boleto,entregue
919,139,2024-09-20,1576.25,boleto,entregue
920,62,2025-08-14,973.7,cartao_credito,enviado
921,115,2024-09-13,1535.97,cartao_credito,entregue
922,36,2025-09-04,1671.1,pix,entregue
923,168,2024-10-05,200.58,pix,processando
924,189,2025-06-12,413.15,boleto,entregue
925,379,2025-09-14,1198.15,pix,entregue
926,303,2026-01-15,1847.56,cartao_credito,cancelado
927,280,2026-06-24,1454.4,cartao_credito,enviado
928,4,2025-11-13,1774.16,cartao_credito,enviado
929,278,2025-02-23,684.25,boleto,processando
930,172,2025-07-21,42.62,boleto,entregue
931,378,2024-10-22,1392.52,cartao_credito,enviado
932,272,2025-12-01,1868.5,pix,entregue
933,31,2026-09-06,1848.86,cartao_credito,cancelado
934,144,2024-11-07,212.93,cartao_credito,entregue
935,212,2025-04-09,1343.48,pix,entregue
936,383,2026-08-04,197.82,cartao_credito,entregue
937,69,2025-12-25,1225.12,pix,processando
938,304,2025-11-09,1096.05,pix,cancelado
939,67,2025-05-08,480.3,pix,entregue
940,202,2024-10-26,1343.25,boleto,entregue
941,163,2025-08-15,882.03,cartao_credito,processando
942,104,2025-01-24,293.07,boleto,processando
943,80,2025-03-26,236.42,pix,entregue
944,161,2026-04-24,796.01,boleto,entregue
945,395,2026-05-11,426.1,pix,entregue
946,136,2025-04-09,1625.52,cartao_credito,enviado
947,352,2025-03-27,605.74,boleto,cancelado
948,309,2026-07-14,114.91,pix,enviado
949,47,2025-09-26,1362.65,pix,entregue
950,263,2024-12-14,130.95,pix,entregue
951,90,2025-03-02,97.71,pix,entregue
952,285,2026-01-09,1431.33,cartao_credito,processando
953,237,2025-01-20,229.45,cartao_credito,processando
954,7,2024-12-30,154.6,cartao_credito,enviado
955,102,2026-07-15,1571.93,pix,cancelado
956,323,2025-12-30,1783.79,cartao_credito,entregue
957,301,2026-01-29,521.31,cartao_credito,processando
958,34,2024-10-15,407.72,boleto,entregue
959,66,2025-03-06,210.98,pix,processando
960,22,2024-12-04,1792.54,cartao_credito,enviado
961,294,2026-01-28,845.57,boleto,entregue
962,255,2024-10-06,94.74,boleto,entregue
963,89,2025-01-28,698.23,cartao_credito,entregue
964,144,2026-02-20,869.48,cartao_credito,processando
965,315,2025-10-05,1191.57,cartao_credito,cancelado
966,152,2026-07-07,967.84,boleto,entregue
967,32,2025-08-14,203.06,pix,enviado
968,215,2025-12-01,410.89,boleto,enviado
969,323,2025-05-11,1888.9,boleto,processando
970,196,2024-10-09,1494.26,pix,entregue
971,279,2025-11-10,1493.37,pix,entregue
972,258,2026-03-18,638.08,pix,enviado
973,14,2025-03-03,633.01,cartao_credito,processando
974,399,2024-10-24,562.43,pix,entregue
975,184,2026-03-16,1466.23,cartao_credito,enviado
976,52,2025-03-27,500.91,cartao_credito,entregue
977,274,2025-03-25,1558.19,boleto,processando
978,392,2024-09-19,1893.19,cartao_credito,entregue
979,199,2026-02-15,699.84,cartao_credito,enviado
980,122,2026-06-25,1141.99,boleto,cancelado
981,184,2026-07-05,1739.9,cartao_credito,cancelado
982,359,2026-06-28,694.03,boleto,entregue
983,73,2025-06-08,1087.28,cartao_credito,entregue
984,278,2025-10-31,614.74,pix,processando
985,47,2026-03-18,144.37,boleto,enviado
986,11,2024-10-11,1019.09,cartao_credito,entregue
987,315,2025-12-17,414.62,cartao_credito,entregue
988,368,2025-03-08,369.98,pix,processando
989,12,2025-06-05,314.64,boleto,enviado
990,397,2024-11-30,246.21,boleto,entregue
991,38,2024-11-06,734.78,boleto,entregue
992,301,2025-10-05,227.82,pix,entregue
993,70,2025-08-17,1855.0,boleto,entregue
994,328,2024-12-03,1826.73,boleto,entregue
995,90,2025-10-08,1355.26,boleto,cancelado
996,315,2024-11-06,1503.7,cartao_credito,cancelado
997,302,2025-03-10,1554.78,pix,entregue
998,376,2025-02-12,1320.51,cartao_credito,enviado
999,374,2025-05-18,43.24,boleto,entregue
1000,201,2025-11-24,1622.31,boleto,processando
1001,94,2025-06-22,1160.34,boleto,enviado
1002,328,2026-06-13,1091.82,pix,enviado
1003,170,2026-06-08,1426.24,cartao_credito,entregue
1004,164,2026-02-17,352.17,cartao_credito,cancelado
1005,344,2025-07-27,1228.63,pix,entregue
1006,6,2024-11-01,533.2,cartao_credito,cancelado
1007,35,2026-01-18,691.79,cartao_credito,cancelado
1008,1,2025-08-04,129.45,pix,cancelado
1009,215,2026-07-19,1842.43,pix,entregue
1010,194,2025-04-14,693.19,pix,processando
1011,246,2024-12-27,1506.94,boleto,cancelado
1012,389,2024-09-26,1318.02,cartao_credito,entregue
1013,38,2025-05-18,1526.4,cartao_credito,entregue
1014,11,2025-12-22,632.71,cartao_credito,processando
1015,176,2026-05-12,356.3,pix,enviado
1016,375,2025-06-13,179.4,cartao_credito,entregue
1017,305,2025-05-25,1872.51,pix,cancelado
1018,16,2025-07-21,842.16,boleto,enviado
1019,311,2026-08-05,1694.84,cartao_credito,processando
1020,52,2026-01-26,655.74,cartao_credito,entregue
1021,357,2025-06-25,1070.55,boleto,entregue
1022,136,2025-09-07,1268.61,pix,enviado
1023,50,2025-04-23,132.22,boleto,entregue
1024,252,2026-01-03,325.58,pix,processando
1025,219,2024-10-01,202.89,boleto,cancelado
1026,308,2025-01-09,933.31,cartao_credito,processando
1027,106,2025-06-20,357.65,pix,processando
1028,243,2024-10-11,1609.31,pix,entregue
1029,242,2025-04-20,949.62,boleto,entregue
1030,47,2026-08-30,1233.77,pix,enviado
1031,190,2025-01-01,1686.92,pix,enviado
1032,229,2026-08-16,122.89,pix,entregue
1033,135,2025-12-10,460.71,pix,entregue
1034,32,2024-09-26,321.0,boleto,cancelado
1035,50,2024-11-28,199.32,pix,entregue
1036,212,2025-12-24,1845.41,boleto,enviado
1037,284,2025-02-18,153.33,pix,entregue
1038,215,2026-05-27,1835.97,boleto,entregue
1039,294,2025-05-08,1679.78,pix,entregue
1040,41,2025-10-08,774.24,boleto,processando
1041,258,2026-03-16,1102.37,boleto,entregue
1042,347,2026-05-06,1867.82,cartao_credito,processando
1043,388,2026-04-06,875.11,cartao_credito,enviado
1044,99,2025-10-06,274.61,pix,processando
1045,350,2026-05-08,849.73,boleto,enviado
1046,305,2025-12-02,519.57,boleto,processando
1047,45,2026-03-14,761.76,pix,entregue
1048,167,2025-06-01,1633.22,boleto,entregue
1049,7,2026-09-07,1502.88,boleto,entregue
1050,268,2025-02-20,1493.84,cartao_credito,entregue
1051,77,2025-06-28,315.55,boleto,entregue
1052,389,2026-06-14,1834.49,cartao_credito,processando
1053,289,2025-12-03,1489.85,pix,entregue
1054,177,2024-10-02,1672.78,pix,entregue
1055,336,2026-01-30,943.09,boleto,entregue
1056,20,2026-03-25,360.19,pix,enviado
1057,317,2025-01-01,1172.0,boleto,entregue
1058,20,2025-06-30,776.07,pix,cancelado
1059,122,2026-04-22,131.58,pix,entregue
1060,191,2026-01-24,77.53,pix,entregue
1061,144,2024-11-06,1607.59,boleto,cancelado
1062,51,2024-11-06,1848.74,cartao_credito,enviado
1063,154,2026-09-03,1851.95,pix,entregue
1064,138,2025-02-28,1395.47,boleto,cancelado
1065,46,2025-11-20,389.46,cartao_credito,entregue
1066,380,2025-10-03,941.0,boleto,entregue
1067,29,2025-11-27,998.3,cartao_credito,processando
1068,160,2026-01-09,1359.7,pix,enviado
1069,400,2025-11-06,1623.31,boleto,processando
1070,89,2026-03-31,398.44,cartao_credito,processando
1071,128,2025-07-28,101.41,cartao_credito,entregue
1072,361,2025-10-30,410.24,pix,entregue
1073,259,2026-03-30,778.21,cartao_credito,cancelado
1074,16,2024-12-10,489.9,pix,entregue
1075,229,2026-06-27,370.21,pix,entregue
1076,283,2026-07-21,690.45,cartao_credito,entregue
1077,384,2025-10-21,1585.32,cartao_credito,entregue
1078,15,2026-05-19,758.91,cartao_credito,entregue
1079,400,2024-10-16,1834.65,cartao_credito,cancelado
1080,116,2025-12-22,1300.41,pix,cancelado
1081,210,2025-09-08,994.6,boleto,processando
1082,243,2026-02-01,1735.32,boleto,enviado
1083,308,2025-10-19,1529.51,cartao_credito,entregue
1084,312,2025-10-16,1537.36,pix,cancelado
1085,364,2025-08-15,1235.4,pix,entregue
1086,179,2025-05-11,893.64,cartao_credito,entregue
1087,155,2025-04-04,1299.48,boleto,entregue
1088,300,2025-02-05,230.2,boleto,cancelado
1089,192,2026-06-18,1084.21,boleto,entregue
1090,145,2025-11-27,595.07,cartao_credito,entregue
1091,33,2025-04-22,665.39,pix,cancelado
1092,167,2026-08-15,1642.27,pix,cancelado
1093,365,2025-03-15,1810.97,boleto,entregue
1094,97,2025-05-20,318.77,cartao_credito,processando
1095,308,2025-03-14,791.52,pix,cancelado
1096,72,2026-05-20,1381.49,boleto,entregue
1097,152,2026-04-26,522.43,pix,entregue
1098,199,2025-06-15,1410.22,boleto,cancelado
1099,293,2025-03-05,1557.69,pix,cancelado
1100,366,2025-08-27,453.5,boleto,cancelado
1101,244,2025-05-09,1726.04,boleto,entregue
1102,260,2026-04-11,598.26,cartao_credito,cancelado
1103,286,2024-12-05,376.81,cartao_credito,entregue
1104,66,2026-02-27,1418.01,boleto,entregue
1105,391,2025-03-13,1737.38,boleto,entregue
1106,336,2025-08-18,206.0,pix,enviado
1107,382,2026-03-30,1660.76,pix,entregue
1108,191,2026-07-22,524.54,pix,entregue
1109,61,2025-07-22,915.1,boleto,entregue
1110,298,2025-06-15,1796.3,cartao_credito,entregue
1111,100,2024-11-07,970.79,boleto,entregue
1112,272,2025-06-07,594.84,cartao_credito,enviado
1113,71,2025-11-16,1885.67,pix,entregue
1114,292,2025-10-04,1700.59,pix,enviado
1115,162,2024-11-05,1643.95,cartao_credito,processando
1116,250,2026-08-18,658.59,cartao_credito,entregue
1117,325,2025-06-15,147.81,pix,entregue
1118,108,2026-01-27,1455.72,cartao_credito,entregue
1119,392,2025-09-18,334.59,cartao_credito,enviado
1120,315,2025-12-21,846.6,pix,entregue
1121,220,2025-03-04,1835.41,pix,processando
1122,20,2025-08-21,1032.74,boleto,entregue
1123,8,2026-05-10,1699.03,boleto,enviado
1124,10,2025-07-29,1298.65,boleto,cancelado
1125,128,2025-03-04,460.75,pix,entregue
1126,67,2025-11-23,230.94,boleto,entregue
1127,157,2026-06-11,350.56,cartao_credito,entregue
1128,149,2026-06-11,887.92,boleto,entregue
1129,269,2024-12-13,668.27,boleto,enviado
1130,176,2026-08-27,1892.72,pix,entregue
1131,385,2025-10-29,390.37,pix,processando
1132,117,2025-03-16,457.14,cartao_credito,enviado
1133,376,2026-05-03,80.66,boleto,enviado
1134,64,2026-08-14,721.76,boleto,processando
1135,193,2025-07-20,1670.27,pix,entregue
1136,320,2026-02-12,130.27,cartao_credito,cancelado
1137,56,2025-12-05,1255.54,cartao_credito,processando
1138,354,2026-02-06,255.27,pix,entregue
1139,64,2024-12-23,1057.85,pix,cancelado
1140,79,2025-12-21,422.12,boleto,cancelado
1141,5,2025-03-28,599.98,boleto,processando
1142,340,2026-05-18,1007.68,boleto,entregue
1143,359,2025-04-17,295.02,cartao_credito,entregue
1144,369,2025-05-30,1188.82,pix,processando
1145,55,2025-05-08,965.69,boleto,enviado
1146,399,2024-12-07,529.07,boleto,enviado
1147,184,2024-11-09,1348.29,pix,enviado
1148,21,2025-07-21,1059.44,cartao_credito,cancelado
1149,247,2025-07-31,654.82,cartao_credito,processando
1150,344,2025-10-04,205.45,cartao_credito,entregue
1151,343,2024-12-31,958.93,cartao_credito,entregue
1152,39,2025-11-28,1385.73,cartao_credito,entregue
1153,330,2025-09-25,469.86,pix,entregue
1154,238,2026-01-11,133.05,cartao_credito,processando
1155,149,2026-07-23,709.9,boleto,entregue
1156,219,2026-04-30,1413.58,cartao_credito,processando
1157,5,2025-02-07,1624.62,boleto,cancelado
1158,88,2026-08-06,651.21,pix,entregue
1159,138,2025-01-24,1673.86,cartao_credito,entregue
1160,176,2026-07-19,380.04,pix,entregue
1161,234,2025-08-25,545.51,pix,cancelado
1162,245,2024-09-19,1527.71,boleto,enviado
1163,58,2025-01-14,286.37,boleto,processando
1164,82,2024-12-09,232.81,boleto,entregue
1165,292,2025-07-29,1301.71,cartao_credito,entregue
1166,195,2025-03-30,1489.15,boleto,processando
1167,351,2026-04-24,1676.61,boleto,enviado
1168,248,2025-11-11,1751.84,cartao_credito,entregue
1169,226,2026-03-13,125.41,pix,cancelado
1170,161,2026-08-30,62.89,boleto,entregue
1171,393,2025-09-06,1423.04,boleto,entregue
1172,115,2026-04-06,1858.79,boleto,entregue
1173,266,2024-11-24,1012.87,boleto,entregue
1174,49,2024-12-14,845.0,boleto,enviado
1175,247,2026-07-14,682.99,boleto,cancelado
1176,198,2024-10-03,316.4,boleto,entregue
1177,28,2026-06-16,61.56,cartao_credito,entregue
1178,241,2025-08-08,1624.38,cartao_credito,processando
1179,385,2024-09-25,954.37,cartao_credito,entregue
1180,143,2026-02-24,133.55,cartao_credito,entregue
1181,330,2025-01-14,744.17,cartao_credito,processando
1182,236,2024-11-02,866.09,boleto,entregue
1183,46,2024-12-18,1633.16,pix,entregue
1184,61,2025-10-11,1863.95,boleto,cancelado
1185,10,2026-07-12,230.82,pix,processando
1186,286,2025-10-23,1061.22,cartao_credito,entregue
1187,317,2026-08-21,1225.72,boleto,entregue
1188,106,2025-07-05,1257.45,pix,entregue
1189,187,2026-08-10,1574.98,cartao_credito,entregue
1190,170,2025-08-01,1081.78,boleto,entregue
1191,243,2025-06-09,1372.88,pix,cancelado
1192,232,2024-12-14,251.98,boleto,enviado
1193,2,2025-07-16,674.82,boleto,entregue
1194,281,2026-03-02,1010.79,boleto,processando
1195,24,2025-11-13,1708.09,pix,enviado
1196,368,2025-03-13,1420.97,pix,processando
1197,131,2026-03-14,1176.08,cartao_credito,processando
1198,202,2025-04-22,440.9,cartao_credito,cancelado
1199,174,2024-12-08,240.34,pix,processando
1200,325,2025-05-26,1597.59,boleto,processando
